1,BALANCE,2015-06-01 09:00:00.035,2015-06-01 09:00:00.035,2015-06-01 09:03:00.035
2,ATM,2015-06-01 09:00:36.035,2015-06-01 09:00:36.035,2015-06-01 09:03:36.035
3,CHECK,2015-06-01 09:01:12.035,2015-06-01 09:01:12.035,2015-06-01 09:09:12.035
4,BALANCE,2015-06-01 09:01:48.035,2015-06-01 09:01:48.035,2015-06-01 09:09:48.035
5,TRANSFER,2015-06-01 09:02:24.035,2015-06-01 09:02:24.035,2015-06-01 09:14:24.035
6,LOAN,2015-06-01 09:03:00.035,2015-06-01 09:03:00.035,2015-06-01 09:15:00.035
7,LOAN,2015-06-01 09:03:36.035,2015-06-01 09:03:36.035,2015-06-01 09:06:36.035
8,WIRE,2015-06-01 09:04:12.035,2015-06-01 09:04:12.035,2015-06-01 09:07:12.035
9,CHECK,2015-06-01 09:04:48.035,2015-06-01 09:06:36.035,2015-06-01 09:09:36.035
10,WITHDRAW,2015-06-01 09:05:24.035,2015-06-01 09:07:12.035,2015-06-01 09:10:12.035
11,WITHDRAW,2015-06-01 09:06:00.035,2015-06-01 09:09:12.035,2015-06-01 09:17:12.035
12,OPEN,2015-06-01 09:06:36.035,2015-06-01 09:09:36.035,2015-06-01 09:12:36.035
13,WIRE,2015-06-01 09:07:12.035,2015-06-01 09:09:48.035,2015-06-01 09:17:48.035
14,ATM,2015-06-01 09:07:48.035,2015-06-01 09:10:12.035,2015-06-01 09:13:12.035
15,WIRE,2015-06-01 09:08:24.035,2015-06-01 09:12:36.035,2015-06-01 09:15:36.035
16,WITHDRAW,2015-06-01 09:09:00.035,2015-06-01 09:13:12.035,2015-06-01 09:16:12.035
17,WIRE,2015-06-01 09:09:36.035,2015-06-01 09:14:24.035,2015-06-01 09:26:24.035
18,BALANCE,2015-06-01 09:10:12.035,2015-06-01 09:15:00.035,2015-06-01 09:27:00.035
19,DEPOSIT,2015-06-01 09:10:48.035,2015-06-01 09:15:36.035,2015-06-01 09:18:36.035
20,WITHDRAW,2015-06-01 09:11:24.035,2015-06-01 09:16:12.035,2015-06-01 09:19:12.035
21,OPEN,2015-06-01 09:12:00.035,2015-06-01 09:17:12.035,2015-06-01 09:25:12.035
22,WITHDRAW,2015-06-01 09:12:36.035,2015-06-01 09:17:48.035,2015-06-01 09:25:48.035
23,DEPOSIT,2015-06-01 09:13:12.035,2015-06-01 09:18:36.035,2015-06-01 09:21:36.035
24,WIRE,2015-06-01 09:13:48.035,2015-06-01 09:19:12.035,2015-06-01 09:22:12.035
25,TRANSFER,2015-06-01 09:14:24.035,2015-06-01 09:21:36.035,2015-06-01 09:24:36.035
26,CHECK,2015-06-01 09:15:00.035,2015-06-01 09:22:12.035,2015-06-01 09:25:12.035
27,CHECK,2015-06-01 09:15:36.035,2015-06-01 09:24:36.035,2015-06-01 09:27:36.035
28,TRANSFER,2015-06-01 09:16:12.035,2015-06-01 09:25:12.035,2015-06-01 09:28:12.035
29,OPEN,2015-06-01 09:16:48.035,2015-06-01 09:25:12.035,2015-06-01 09:33:12.035
30,BALANCE,2015-06-01 09:17:24.035,2015-06-01 09:25:48.035,2015-06-01 09:33:48.035
31,BALANCE,2015-06-01 09:18:00.035,2015-06-01 09:26:24.035,2015-06-01 09:38:24.035
32,CHECK,2015-06-01 09:18:36.035,2015-06-01 09:27:00.035,2015-06-01 09:39:00.035
33,ATM,2015-06-01 09:19:12.035,2015-06-01 09:27:36.035,2015-06-01 09:30:36.035
34,CHECK,2015-06-01 09:19:48.035,2015-06-01 09:28:12.035,2015-06-01 09:31:12.035
35,DEPOSIT,2015-06-01 09:20:24.035,2015-06-01 09:30:36.035,2015-06-01 09:33:36.035
36,OPEN,2015-06-01 09:21:00.035,2015-06-01 09:31:12.035,2015-06-01 09:34:12.035
37,ATM,2015-06-01 09:21:36.035,2015-06-01 09:33:12.035,2015-06-01 09:41:12.035
38,CHECK,2015-06-01 09:22:12.035,2015-06-01 09:33:36.035,2015-06-01 09:36:36.035
39,WITHDRAW,2015-06-01 09:22:48.035,2015-06-01 09:33:48.035,2015-06-01 09:41:48.035
40,ATM,2015-06-01 09:23:24.035,2015-06-01 09:34:12.035,2015-06-01 09:37:12.035
41,DEPOSIT,2015-06-01 09:24:00.035,2015-06-01 09:36:36.035,2015-06-01 09:39:36.035
42,DEPOSIT,2015-06-01 09:24:36.035,2015-06-01 09:37:12.035,2015-06-01 09:40:12.035
43,CHECK,2015-06-01 09:25:12.035,2015-06-01 09:38:24.035,2015-06-01 09:50:24.035
44,BALANCE,2015-06-01 09:25:48.035,2015-06-01 09:39:00.035,2015-06-01 09:51:00.035
45,CHECK,2015-06-01 09:26:24.035,2015-06-01 09:39:36.035,2015-06-01 09:42:36.035
46,CHECK,2015-06-01 09:27:00.035,2015-06-01 09:40:12.035,2015-06-01 09:43:12.035
47,LOAN,2015-06-01 09:27:36.035,2015-06-01 09:41:12.035,2015-06-01 09:49:12.035
48,WITHDRAW,2015-06-01 09:28:12.035,2015-06-01 09:41:48.035,2015-06-01 09:49:48.035
49,OPEN,2015-06-01 09:28:48.035,2015-06-01 09:42:36.035,2015-06-01 09:45:36.035
50,OPEN,2015-06-01 09:29:24.035,2015-06-01 09:43:12.035,2015-06-01 09:46:12.035
51,CHECK,2015-06-01 09:30:00.035,2015-06-01 09:45:36.035,2015-06-01 09:48:36.035
52,ATM,2015-06-01 09:30:36.035,2015-06-01 09:46:12.035,2015-06-01 09:49:12.035
53,DEPOSIT,2015-06-01 09:31:12.035,2015-06-01 09:48:36.035,2015-06-01 09:51:36.035
54,DEPOSIT,2015-06-01 09:31:48.035,2015-06-01 09:49:12.035,2015-06-01 09:52:12.035
55,CHECK,2015-06-01 09:32:24.035,2015-06-01 09:49:12.035,2015-06-01 09:57:12.035
56,LOAN,2015-06-01 09:33:00.035,2015-06-01 09:49:48.035,2015-06-01 09:57:48.035
57,DEPOSIT,2015-06-01 09:33:36.035,2015-06-01 09:50:24.035,2015-06-01 10:02:24.035
58,WITHDRAW,2015-06-01 09:34:12.035,2015-06-01 09:51:00.035,2015-06-01 10:03:00.035
59,CHECK,2015-06-01 09:34:48.035,2015-06-01 09:51:36.035,2015-06-01 09:54:36.035
60,TRANSFER,2015-06-01 09:35:24.035,2015-06-01 09:52:12.035,2015-06-01 09:55:12.035
61,TRANSFER,2015-06-01 09:36:00.035,2015-06-01 09:54:36.035,2015-06-01 09:57:36.035
62,WITHDRAW,2015-06-01 09:36:36.035,2015-06-01 09:55:12.035,2015-06-01 09:58:12.035
63,ATM,2015-06-01 09:37:12.035,2015-06-01 09:57:12.035,2015-06-01 10:05:12.035
64,DEPOSIT,2015-06-01 09:37:48.035,2015-06-01 09:57:36.035,2015-06-01 10:00:36.035
65,CHECK,2015-06-01 09:38:24.035,2015-06-01 09:57:48.035,2015-06-01 10:05:48.035
66,CHECK,2015-06-01 09:39:00.035,2015-06-01 09:58:12.035,2015-06-01 10:01:12.035
67,CHECK,2015-06-01 09:39:36.035,2015-06-01 10:00:36.035,2015-06-01 10:03:36.035
68,CHECK,2015-06-01 09:40:12.035,2015-06-01 10:01:12.035,2015-06-01 10:04:12.035
69,LOAN,2015-06-01 09:40:48.035,2015-06-01 10:02:24.035,2015-06-01 10:14:24.035
70,OPEN,2015-06-01 09:41:24.035,2015-06-01 10:03:00.035,2015-06-01 10:15:00.035
71,ATM,2015-06-01 09:42:00.035,2015-06-01 10:03:36.035,2015-06-01 10:06:36.035
72,CHECK,2015-06-01 09:42:36.035,2015-06-01 10:04:12.035,2015-06-01 10:07:12.035
73,TRANSFER,2015-06-01 09:43:12.035,2015-06-01 10:05:12.035,2015-06-01 10:13:12.035
74,WITHDRAW,2015-06-01 09:43:48.035,2015-06-01 10:05:48.035,2015-06-01 10:13:48.035
75,DEPOSIT,2015-06-01 09:44:24.035,2015-06-01 10:06:36.035,2015-06-01 10:09:36.035
76,DEPOSIT,2015-06-01 09:45:00.035,2015-06-01 10:07:12.035,2015-06-01 10:10:12.035
77,WITHDRAW,2015-06-01 09:45:36.035,2015-06-01 10:09:36.035,2015-06-01 10:12:36.035
78,ATM,2015-06-01 09:46:12.035,2015-06-01 10:10:12.035,2015-06-01 10:13:12.035
79,CHECK,2015-06-01 09:46:48.035,2015-06-01 10:12:36.035,2015-06-01 10:15:36.035
80,CHECK,2015-06-01 09:47:24.035,2015-06-01 10:13:12.035,2015-06-01 10:16:12.035
81,CHECK,2015-06-01 09:48:00.035,2015-06-01 10:13:12.035,2015-06-01 10:21:12.035
82,CHECK,2015-06-01 09:48:36.035,2015-06-01 10:13:48.035,2015-06-01 10:21:48.035
83,OPEN,2015-06-01 09:49:12.035,2015-06-01 10:14:24.035,2015-06-01 10:26:24.035
84,WITHDRAW,2015-06-01 09:49:48.035,2015-06-01 10:15:00.035,2015-06-01 10:27:00.035
85,ATM,2015-06-01 09:50:24.035,2015-06-01 10:15:36.035,2015-06-01 10:18:36.035
86,TRANSFER,2015-06-01 09:51:00.035,2015-06-01 10:16:12.035,2015-06-01 10:19:12.035
87,WIRE,2015-06-01 09:51:36.035,2015-06-01 10:18:36.035,2015-06-01 10:21:36.035
88,LOAN,2015-06-01 09:52:12.035,2015-06-01 10:19:12.035,2015-06-01 10:22:12.035
89,WIRE,2015-06-01 09:52:48.035,2015-06-01 10:21:12.035,2015-06-01 10:29:12.035
90,BALANCE,2015-06-01 09:53:24.035,2015-06-01 10:21:36.035,2015-06-01 10:24:36.035
91,DEPOSIT,2015-06-01 09:54:00.035,2015-06-01 10:21:48.035,2015-06-01 10:29:48.035
92,BALANCE,2015-06-01 09:54:36.035,2015-06-01 10:22:12.035,2015-06-01 10:25:12.035
93,DEPOSIT,2015-06-01 09:55:12.035,2015-06-01 10:24:36.035,2015-06-01 10:27:36.035
94,BALANCE,2015-06-01 09:55:48.035,2015-06-01 10:25:12.035,2015-06-01 10:28:12.035
95,LOAN,2015-06-01 09:56:24.035,2015-06-01 10:26:24.035,2015-06-01 10:38:24.035
96,WITHDRAW,2015-06-01 09:57:00.035,2015-06-01 10:27:00.035,2015-06-01 10:39:00.035
97,BALANCE,2015-06-01 09:57:36.035,2015-06-01 10:27:36.035,2015-06-01 10:30:36.035
98,WIRE,2015-06-01 09:58:12.035,2015-06-01 10:28:12.035,2015-06-01 10:31:12.035
99,LOAN,2015-06-01 09:58:48.035,2015-06-01 10:29:12.035,2015-06-01 10:37:12.035
100,BALANCE,2015-06-01 09:59:24.035,2015-06-01 10:29:48.035,2015-06-01 10:37:48.035
101,WITHDRAW,2015-06-01 10:00:00.035,2015-06-01 10:30:36.035,2015-06-01 10:33:36.035
102,CHECK,2015-06-01 10:00:36.035,2015-06-01 10:31:12.035,2015-06-01 10:34:12.035
103,WITHDRAW,2015-06-01 10:01:12.035,2015-06-01 10:33:36.035,2015-06-01 10:36:36.035
104,OPEN,2015-06-01 10:01:48.035,2015-06-01 10:34:12.035,2015-06-01 10:37:12.035
105,LOAN,2015-06-01 10:02:24.035,2015-06-01 10:36:36.035,2015-06-01 10:39:36.035
106,WIRE,2015-06-01 10:03:00.035,2015-06-01 10:37:12.035,2015-06-01 10:40:12.035
107,OPEN,2015-06-01 10:03:36.035,2015-06-01 10:37:12.035,2015-06-01 10:45:12.035
108,WIRE,2015-06-01 10:04:12.035,2015-06-01 10:37:48.035,2015-06-01 10:45:48.035
109,WITHDRAW,2015-06-01 10:04:48.035,2015-06-01 10:38:24.035,2015-06-01 10:50:24.035
110,TRANSFER,2015-06-01 10:05:24.035,2015-06-01 10:39:00.035,2015-06-01 10:51:00.035
111,WITHDRAW,2015-06-01 10:06:00.035,2015-06-01 10:39:36.035,2015-06-01 10:42:36.035
112,DEPOSIT,2015-06-01 10:06:36.035,2015-06-01 10:40:12.035,2015-06-01 10:43:12.035
113,BALANCE,2015-06-01 10:07:12.035,2015-06-01 10:42:36.035,2015-06-01 10:45:36.035
114,OPEN,2015-06-01 10:07:48.035,2015-06-01 10:43:12.035,2015-06-01 10:46:12.035
115,ATM,2015-06-01 10:08:24.035,2015-06-01 10:45:12.035,2015-06-01 10:53:12.035
116,WIRE,2015-06-01 10:09:00.035,2015-06-01 10:45:36.035,2015-06-01 10:48:36.035
117,WIRE,2015-06-01 10:09:36.035,2015-06-01 10:45:48.035,2015-06-01 10:53:48.035
118,WITHDRAW,2015-06-01 10:10:12.035,2015-06-01 10:46:12.035,2015-06-01 10:49:12.035
119,WIRE,2015-06-01 10:10:48.035,2015-06-01 10:48:36.035,2015-06-01 10:51:36.035
120,BALANCE,2015-06-01 10:11:24.035,2015-06-01 10:49:12.035,2015-06-01 10:52:12.035
121,WIRE,2015-06-01 10:12:00.035,2015-06-01 10:50:24.035,2015-06-01 11:02:24.035
122,WITHDRAW,2015-06-01 10:12:36.035,2015-06-01 10:51:00.035,2015-06-01 11:03:00.035
123,OPEN,2015-06-01 10:13:12.035,2015-06-01 10:51:36.035,2015-06-01 10:54:36.035
124,BALANCE,2015-06-01 10:13:48.035,2015-06-01 10:52:12.035,2015-06-01 10:55:12.035
125,ATM,2015-06-01 10:14:24.035,2015-06-01 10:53:12.035,2015-06-01 11:01:12.035
126,BALANCE,2015-06-01 10:15:00.035,2015-06-01 10:53:48.035,2015-06-01 11:01:48.035
127,DEPOSIT,2015-06-01 10:15:36.035,2015-06-01 10:54:36.035,2015-06-01 10:57:36.035
128,WITHDRAW,2015-06-01 10:16:12.035,2015-06-01 10:55:12.035,2015-06-01 10:58:12.035
129,WIRE,2015-06-01 10:16:48.035,2015-06-01 10:57:36.035,2015-06-01 11:00:36.035
130,OPEN,2015-06-01 10:17:24.035,2015-06-01 10:58:12.035,2015-06-01 11:01:12.035
131,LOAN,2015-06-01 10:18:00.035,2015-06-01 11:00:36.035,2015-06-01 11:03:36.035
132,LOAN,2015-06-01 10:18:36.035,2015-06-01 11:01:12.035,2015-06-01 11:04:12.035
133,WITHDRAW,2015-06-01 10:19:12.035,2015-06-01 11:01:12.035,2015-06-01 11:09:12.035
134,WITHDRAW,2015-06-01 10:19:48.035,2015-06-01 11:01:48.035,2015-06-01 11:09:48.035
135,CHECK,2015-06-01 10:20:24.035,2015-06-01 11:02:24.035,2015-06-01 11:14:24.035
136,TRANSFER,2015-06-01 10:21:00.035,2015-06-01 11:03:00.035,2015-06-01 11:15:00.035
137,CHECK,2015-06-01 10:21:36.035,2015-06-01 11:03:36.035,2015-06-01 11:06:36.035
138,WITHDRAW,2015-06-01 10:22:12.035,2015-06-01 11:04:12.035,2015-06-01 11:07:12.035
139,BALANCE,2015-06-01 10:22:48.035,2015-06-01 11:06:36.035,2015-06-01 11:09:36.035
140,WITHDRAW,2015-06-01 10:23:24.035,2015-06-01 11:07:12.035,2015-06-01 11:10:12.035
141,TRANSFER,2015-06-01 10:24:00.035,2015-06-01 11:09:12.035,2015-06-01 11:17:12.035
142,WITHDRAW,2015-06-01 10:24:36.035,2015-06-01 11:09:36.035,2015-06-01 11:12:36.035
143,LOAN,2015-06-01 10:25:12.035,2015-06-01 11:09:48.035,2015-06-01 11:17:48.035
144,ATM,2015-06-01 10:25:48.035,2015-06-01 11:10:12.035,2015-06-01 11:13:12.035
145,OPEN,2015-06-01 10:26:24.035,2015-06-01 11:12:36.035,2015-06-01 11:15:36.035
146,LOAN,2015-06-01 10:27:00.035,2015-06-01 11:13:12.035,2015-06-01 11:16:12.035
147,TRANSFER,2015-06-01 10:27:36.035,2015-06-01 11:14:24.035,2015-06-01 11:26:24.035
148,TRANSFER,2015-06-01 10:28:12.035,2015-06-01 11:15:00.035,2015-06-01 11:27:00.035
149,CHECK,2015-06-01 10:28:48.035,2015-06-01 11:15:36.035,2015-06-01 11:18:36.035
150,BALANCE,2015-06-01 10:29:24.035,2015-06-01 11:16:12.035,2015-06-01 11:19:12.035
151,WITHDRAW,2015-06-01 10:30:00.035,2015-06-01 11:17:12.035,2015-06-01 11:25:12.035
152,WIRE,2015-06-01 10:30:36.035,2015-06-01 11:17:48.035,2015-06-01 11:25:48.035
153,TRANSFER,2015-06-01 10:31:12.035,2015-06-01 11:18:36.035,2015-06-01 11:21:36.035
154,ATM,2015-06-01 10:31:48.035,2015-06-01 11:19:12.035,2015-06-01 11:22:12.035
155,DEPOSIT,2015-06-01 10:32:24.035,2015-06-01 11:21:36.035,2015-06-01 11:24:36.035
156,WITHDRAW,2015-06-01 10:33:00.035,2015-06-01 11:22:12.035,2015-06-01 11:25:12.035
157,TRANSFER,2015-06-01 10:33:36.035,2015-06-01 11:24:36.035,2015-06-01 11:27:36.035
158,BALANCE,2015-06-01 10:34:12.035,2015-06-01 11:25:12.035,2015-06-01 11:28:12.035
159,BALANCE,2015-06-01 10:34:48.035,2015-06-01 11:25:12.035,2015-06-01 11:33:12.035
160,BALANCE,2015-06-01 10:35:24.035,2015-06-01 11:25:48.035,2015-06-01 11:33:48.035
161,ATM,2015-06-01 10:36:00.035,2015-06-01 11:26:24.035,2015-06-01 11:38:24.035
162,CHECK,2015-06-01 10:36:36.035,2015-06-01 11:27:00.035,2015-06-01 11:39:00.035
163,BALANCE,2015-06-01 10:37:12.035,2015-06-01 11:27:36.035,2015-06-01 11:30:36.035
164,ATM,2015-06-01 10:37:48.035,2015-06-01 11:28:12.035,2015-06-01 11:31:12.035
165,LOAN,2015-06-01 10:38:24.035,2015-06-01 11:30:36.035,2015-06-01 11:33:36.035
166,BALANCE,2015-06-01 10:39:00.035,2015-06-01 11:31:12.035,2015-06-01 11:34:12.035
167,TRANSFER,2015-06-01 10:39:36.035,2015-06-01 11:33:12.035,2015-06-01 11:41:12.035
168,TRANSFER,2015-06-01 10:40:12.035,2015-06-01 11:33:36.035,2015-06-01 11:36:36.035
169,ATM,2015-06-01 10:40:48.035,2015-06-01 11:33:48.035,2015-06-01 11:41:48.035
170,TRANSFER,2015-06-01 10:41:24.035,2015-06-01 11:34:12.035,2015-06-01 11:37:12.035
171,LOAN,2015-06-01 10:42:00.035,2015-06-01 11:36:36.035,2015-06-01 11:39:36.035
172,WIRE,2015-06-01 10:42:36.035,2015-06-01 11:37:12.035,2015-06-01 11:40:12.035
173,TRANSFER,2015-06-01 10:43:12.035,2015-06-01 11:38:24.035,2015-06-01 11:50:24.035
174,BALANCE,2015-06-01 10:43:48.035,2015-06-01 11:39:00.035,2015-06-01 11:51:00.035
175,ATM,2015-06-01 10:44:24.035,2015-06-01 11:39:36.035,2015-06-01 11:42:36.035
176,TRANSFER,2015-06-01 10:45:00.035,2015-06-01 11:40:12.035,2015-06-01 11:43:12.035
177,BALANCE,2015-06-01 10:45:36.035,2015-06-01 11:41:12.035,2015-06-01 11:49:12.035
178,CHECK,2015-06-01 10:46:12.035,2015-06-01 11:41:48.035,2015-06-01 11:49:48.035
179,TRANSFER,2015-06-01 10:46:48.035,2015-06-01 11:42:36.035,2015-06-01 11:45:36.035
180,LOAN,2015-06-01 10:47:24.035,2015-06-01 11:43:12.035,2015-06-01 11:46:12.035
181,LOAN,2015-06-01 10:48:00.035,2015-06-01 11:45:36.035,2015-06-01 11:48:36.035
182,WIRE,2015-06-01 10:48:36.035,2015-06-01 11:46:12.035,2015-06-01 11:49:12.035
183,TRANSFER,2015-06-01 10:49:12.035,2015-06-01 11:48:36.035,2015-06-01 11:51:36.035
184,LOAN,2015-06-01 10:49:48.035,2015-06-01 11:49:12.035,2015-06-01 11:52:12.035
185,OPEN,2015-06-01 10:50:24.035,2015-06-01 11:49:12.035,2015-06-01 11:57:12.035
186,ATM,2015-06-01 10:51:00.035,2015-06-01 11:49:48.035,2015-06-01 11:57:48.035
187,TRANSFER,2015-06-01 10:51:36.035,2015-06-01 11:50:24.035,2015-06-01 12:02:24.035
188,TRANSFER,2015-06-01 10:52:12.035,2015-06-01 11:51:00.035,2015-06-01 12:03:00.035
189,WITHDRAW,2015-06-01 10:52:48.035,2015-06-01 11:51:36.035,2015-06-01 11:54:36.035
190,BALANCE,2015-06-01 10:53:24.035,2015-06-01 11:52:12.035,2015-06-01 11:55:12.035
191,DEPOSIT,2015-06-01 10:54:00.035,2015-06-01 11:54:36.035,2015-06-01 11:57:36.035
192,LOAN,2015-06-01 10:54:36.035,2015-06-01 11:55:12.035,2015-06-01 11:58:12.035
193,OPEN,2015-06-01 10:55:12.035,2015-06-01 11:57:12.035,2015-06-01 12:05:12.035
194,WIRE,2015-06-01 10:55:48.035,2015-06-01 11:57:36.035,2015-06-01 12:00:36.035
195,TRANSFER,2015-06-01 10:56:24.035,2015-06-01 11:57:48.035,2015-06-01 12:05:48.035
196,DEPOSIT,2015-06-01 10:57:00.035,2015-06-01 11:58:12.035,2015-06-01 12:01:12.035
197,WIRE,2015-06-01 10:57:36.035,2015-06-01 12:00:36.035,2015-06-01 12:03:36.035
198,WIRE,2015-06-01 10:58:12.035,2015-06-01 12:01:12.035,2015-06-01 12:04:12.035
199,ATM,2015-06-01 10:58:48.035,2015-06-01 12:02:24.035,2015-06-01 12:14:24.035
200,BALANCE,2015-06-01 10:59:24.035,2015-06-01 12:03:00.035,2015-06-01 12:15:00.035
201,BALANCE,2015-06-01 11:00:00.035,2015-06-01 12:03:36.035,2015-06-01 12:06:36.035
202,WITHDRAW,2015-06-01 11:00:36.035,2015-06-01 12:04:12.035,2015-06-01 12:07:12.035
203,DEPOSIT,2015-06-01 11:01:12.035,2015-06-01 12:05:12.035,2015-06-01 12:13:12.035
204,BALANCE,2015-06-01 11:01:48.035,2015-06-01 12:05:48.035,2015-06-01 12:13:48.035
205,CHECK,2015-06-01 11:02:24.035,2015-06-01 12:06:36.035,2015-06-01 12:09:36.035
206,CHECK,2015-06-01 11:03:00.035,2015-06-01 12:07:12.035,2015-06-01 12:10:12.035
207,WIRE,2015-06-01 11:03:36.035,2015-06-01 12:09:36.035,2015-06-01 12:12:36.035
208,CHECK,2015-06-01 11:04:12.035,2015-06-01 12:10:12.035,2015-06-01 12:13:12.035
209,WITHDRAW,2015-06-01 11:04:48.035,2015-06-01 12:12:36.035,2015-06-01 12:15:36.035
210,BALANCE,2015-06-01 11:05:24.035,2015-06-01 12:13:12.035,2015-06-01 12:16:12.035
211,DEPOSIT,2015-06-01 11:06:00.035,2015-06-01 12:13:12.035,2015-06-01 12:21:12.035
212,CHECK,2015-06-01 11:06:36.035,2015-06-01 12:13:48.035,2015-06-01 12:21:48.035
213,OPEN,2015-06-01 11:07:12.035,2015-06-01 12:14:24.035,2015-06-01 12:26:24.035
214,LOAN,2015-06-01 11:07:48.035,2015-06-01 12:15:00.035,2015-06-01 12:27:00.035
215,CHECK,2015-06-01 11:08:24.035,2015-06-01 12:15:36.035,2015-06-01 12:18:36.035
216,OPEN,2015-06-01 11:09:00.035,2015-06-01 12:16:12.035,2015-06-01 12:19:12.035
217,ATM,2015-06-01 11:09:36.035,2015-06-01 12:18:36.035,2015-06-01 12:21:36.035
218,ATM,2015-06-01 11:10:12.035,2015-06-01 12:19:12.035,2015-06-01 12:22:12.035
219,ATM,2015-06-01 11:10:48.035,2015-06-01 12:21:12.035,2015-06-01 12:29:12.035
220,TRANSFER,2015-06-01 11:11:24.035,2015-06-01 12:21:36.035,2015-06-01 12:24:36.035
221,DEPOSIT,2015-06-01 11:12:00.035,2015-06-01 12:21:48.035,2015-06-01 12:29:48.035
222,BALANCE,2015-06-01 11:12:36.035,2015-06-01 12:22:12.035,2015-06-01 12:25:12.035
223,WITHDRAW,2015-06-01 11:13:12.035,2015-06-01 12:24:36.035,2015-06-01 12:27:36.035
224,ATM,2015-06-01 11:13:48.035,2015-06-01 12:25:12.035,2015-06-01 12:28:12.035
225,DEPOSIT,2015-06-01 11:14:24.035,2015-06-01 12:26:24.035,2015-06-01 12:38:24.035
226,CHECK,2015-06-01 11:15:00.035,2015-06-01 12:27:00.035,2015-06-01 12:39:00.035
227,WITHDRAW,2015-06-01 11:15:36.035,2015-06-01 12:27:36.035,2015-06-01 12:30:36.035
228,WITHDRAW,2015-06-01 11:16:12.035,2015-06-01 12:28:12.035,2015-06-01 12:31:12.035
229,LOAN,2015-06-01 11:16:48.035,2015-06-01 12:29:12.035,2015-06-01 12:37:12.035
230,ATM,2015-06-01 11:17:24.035,2015-06-01 12:29:48.035,2015-06-01 12:37:48.035
231,OPEN,2015-06-01 11:18:00.035,2015-06-01 12:30:36.035,2015-06-01 12:33:36.035
232,OPEN,2015-06-01 11:18:36.035,2015-06-01 12:31:12.035,2015-06-01 12:34:12.035
233,ATM,2015-06-01 11:19:12.035,2015-06-01 12:33:36.035,2015-06-01 12:36:36.035
234,TRANSFER,2015-06-01 11:19:48.035,2015-06-01 12:34:12.035,2015-06-01 12:37:12.035
235,TRANSFER,2015-06-01 11:20:24.035,2015-06-01 12:36:36.035,2015-06-01 12:39:36.035
236,DEPOSIT,2015-06-01 11:21:00.035,2015-06-01 12:37:12.035,2015-06-01 12:40:12.035
237,WITHDRAW,2015-06-01 11:21:36.035,2015-06-01 12:37:12.035,2015-06-01 12:45:12.035
238,CHECK,2015-06-01 11:22:12.035,2015-06-01 12:37:48.035,2015-06-01 12:45:48.035
239,DEPOSIT,2015-06-01 11:22:48.035,2015-06-01 12:38:24.035,2015-06-01 12:50:24.035
240,BALANCE,2015-06-01 11:23:24.035,2015-06-01 12:39:00.035,2015-06-01 12:51:00.035
241,TRANSFER,2015-06-01 11:24:00.035,2015-06-01 12:39:36.035,2015-06-01 12:42:36.035
242,WIRE,2015-06-01 11:24:36.035,2015-06-01 12:40:12.035,2015-06-01 12:43:12.035
243,OPEN,2015-06-01 11:25:12.035,2015-06-01 12:42:36.035,2015-06-01 12:45:36.035
244,CHECK,2015-06-01 11:25:48.035,2015-06-01 12:43:12.035,2015-06-01 12:46:12.035
245,LOAN,2015-06-01 11:26:24.035,2015-06-01 12:45:12.035,2015-06-01 12:53:12.035
246,DEPOSIT,2015-06-01 11:27:00.035,2015-06-01 12:45:36.035,2015-06-01 12:48:36.035
247,CHECK,2015-06-01 11:27:36.035,2015-06-01 12:45:48.035,2015-06-01 12:53:48.035
248,ATM,2015-06-01 11:28:12.035,2015-06-01 12:46:12.035,2015-06-01 12:49:12.035
249,CHECK,2015-06-01 11:28:48.035,2015-06-01 12:48:36.035,2015-06-01 12:51:36.035
250,ATM,2015-06-01 11:29:24.035,2015-06-01 12:49:12.035,2015-06-01 12:52:12.035
251,TRANSFER,2015-06-01 11:30:00.035,2015-06-01 12:50:24.035,2015-06-01 13:02:24.035
252,ATM,2015-06-01 11:30:36.035,2015-06-01 12:51:00.035,2015-06-01 13:03:00.035
253,LOAN,2015-06-01 11:31:12.035,2015-06-01 12:51:36.035,2015-06-01 12:54:36.035
254,WIRE,2015-06-01 11:31:48.035,2015-06-01 12:52:12.035,2015-06-01 12:55:12.035
255,WIRE,2015-06-01 11:32:24.035,2015-06-01 12:53:12.035,2015-06-01 13:01:12.035
256,WIRE,2015-06-01 11:33:00.035,2015-06-01 12:53:48.035,2015-06-01 13:01:48.035
257,ATM,2015-06-01 11:33:36.035,2015-06-01 12:54:36.035,2015-06-01 12:57:36.035
258,BALANCE,2015-06-01 11:34:12.035,2015-06-01 12:55:12.035,2015-06-01 12:58:12.035
259,LOAN,2015-06-01 11:34:48.035,2015-06-01 12:57:36.035,2015-06-01 13:00:36.035
260,BALANCE,2015-06-01 11:35:24.035,2015-06-01 12:58:12.035,2015-06-01 13:01:12.035
261,DEPOSIT,2015-06-01 11:36:00.035,2015-06-01 13:00:36.035,2015-06-01 13:03:36.035
262,ATM,2015-06-01 11:36:36.035,2015-06-01 13:01:12.035,2015-06-01 13:04:12.035
263,DEPOSIT,2015-06-01 11:37:12.035,2015-06-01 13:01:12.035,2015-06-01 13:09:12.035
264,ATM,2015-06-01 11:37:48.035,2015-06-01 13:01:48.035,2015-06-01 13:09:48.035
265,LOAN,2015-06-01 11:38:24.035,2015-06-01 13:02:24.035,2015-06-01 13:14:24.035
266,WIRE,2015-06-01 11:39:00.035,2015-06-01 13:03:00.035,2015-06-01 13:15:00.035
267,WIRE,2015-06-01 11:39:36.035,2015-06-01 13:03:36.035,2015-06-01 13:06:36.035
268,WIRE,2015-06-01 11:40:12.035,2015-06-01 13:04:12.035,2015-06-01 13:07:12.035
269,ATM,2015-06-01 11:40:48.035,2015-06-01 13:06:36.035,2015-06-01 13:09:36.035
270,BALANCE,2015-06-01 11:41:24.035,2015-06-01 13:07:12.035,2015-06-01 13:10:12.035
271,BALANCE,2015-06-01 11:42:00.035,2015-06-01 13:09:12.035,2015-06-01 13:17:12.035
272,WIRE,2015-06-01 11:42:36.035,2015-06-01 13:09:36.035,2015-06-01 13:12:36.035
273,BALANCE,2015-06-01 11:43:12.035,2015-06-01 13:09:48.035,2015-06-01 13:17:48.035
274,OPEN,2015-06-01 11:43:48.035,2015-06-01 13:10:12.035,2015-06-01 13:13:12.035
275,DEPOSIT,2015-06-01 11:44:24.035,2015-06-01 13:12:36.035,2015-06-01 13:15:36.035
276,CHECK,2015-06-01 11:45:00.035,2015-06-01 13:13:12.035,2015-06-01 13:16:12.035
277,BALANCE,2015-06-01 11:45:36.035,2015-06-01 13:14:24.035,2015-06-01 13:26:24.035
278,BALANCE,2015-06-01 11:46:12.035,2015-06-01 13:15:00.035,2015-06-01 13:27:00.035
279,LOAN,2015-06-01 11:46:48.035,2015-06-01 13:15:36.035,2015-06-01 13:18:36.035
280,WIRE,2015-06-01 11:47:24.035,2015-06-01 13:16:12.035,2015-06-01 13:19:12.035
281,CHECK,2015-06-01 11:48:00.035,2015-06-01 13:17:12.035,2015-06-01 13:25:12.035
282,WITHDRAW,2015-06-01 11:48:36.035,2015-06-01 13:17:48.035,2015-06-01 13:25:48.035
283,DEPOSIT,2015-06-01 11:49:12.035,2015-06-01 13:18:36.035,2015-06-01 13:21:36.035
284,CHECK,2015-06-01 11:49:48.035,2015-06-01 13:19:12.035,2015-06-01 13:22:12.035
285,WITHDRAW,2015-06-01 11:50:24.035,2015-06-01 13:21:36.035,2015-06-01 13:24:36.035
286,LOAN,2015-06-01 11:51:00.035,2015-06-01 13:22:12.035,2015-06-01 13:25:12.035
287,DEPOSIT,2015-06-01 11:51:36.035,2015-06-01 13:24:36.035,2015-06-01 13:27:36.035
288,OPEN,2015-06-01 11:52:12.035,2015-06-01 13:25:12.035,2015-06-01 13:28:12.035
289,TRANSFER,2015-06-01 11:52:48.035,2015-06-01 13:25:12.035,2015-06-01 13:33:12.035
290,LOAN,2015-06-01 11:53:24.035,2015-06-01 13:25:48.035,2015-06-01 13:33:48.035
291,CHECK,2015-06-01 11:54:00.035,2015-06-01 13:26:24.035,2015-06-01 13:38:24.035
292,WIRE,2015-06-01 11:54:36.035,2015-06-01 13:27:00.035,2015-06-01 13:39:00.035
293,CHECK,2015-06-01 11:55:12.035,2015-06-01 13:27:36.035,2015-06-01 13:30:36.035
294,DEPOSIT,2015-06-01 11:55:48.035,2015-06-01 13:28:12.035,2015-06-01 13:31:12.035
295,CHECK,2015-06-01 11:56:24.035,2015-06-01 13:30:36.035,2015-06-01 13:33:36.035
296,CHECK,2015-06-01 11:57:00.035,2015-06-01 13:31:12.035,2015-06-01 13:34:12.035
297,TRANSFER,2015-06-01 11:57:36.035,2015-06-01 13:33:12.035,2015-06-01 13:41:12.035
298,LOAN,2015-06-01 11:58:12.035,2015-06-01 13:33:36.035,2015-06-01 13:36:36.035
299,LOAN,2015-06-01 11:58:48.035,2015-06-01 13:33:48.035,2015-06-01 13:41:48.035
300,LOAN,2015-06-01 11:59:24.035,2015-06-01 13:34:12.035,2015-06-01 13:37:12.035
301,TRANSFER,2015-06-01 12:00:00.035,2015-06-01 13:36:36.035,2015-06-01 13:39:36.035
302,WITHDRAW,2015-06-01 12:00:36.035,2015-06-01 13:37:12.035,2015-06-01 13:40:12.035
303,WITHDRAW,2015-06-01 12:01:12.035,2015-06-01 13:38:24.035,2015-06-01 13:50:24.035
304,ATM,2015-06-01 12:01:48.035,2015-06-01 13:39:00.035,2015-06-01 13:51:00.035
305,DEPOSIT,2015-06-01 12:02:24.035,2015-06-01 13:39:36.035,2015-06-01 13:42:36.035
306,TRANSFER,2015-06-01 12:03:00.035,2015-06-01 13:40:12.035,2015-06-01 13:43:12.035
307,LOAN,2015-06-01 12:03:36.035,2015-06-01 13:41:12.035,2015-06-01 13:49:12.035
308,CHECK,2015-06-01 12:04:12.035,2015-06-01 13:41:48.035,2015-06-01 13:49:48.035
309,LOAN,2015-06-01 12:04:48.035,2015-06-01 13:42:36.035,2015-06-01 13:45:36.035
310,WITHDRAW,2015-06-01 12:05:24.035,2015-06-01 13:43:12.035,2015-06-01 13:46:12.035
311,OPEN,2015-06-01 12:06:00.035,2015-06-01 13:45:36.035,2015-06-01 13:48:36.035
312,TRANSFER,2015-06-01 12:06:36.035,2015-06-01 13:46:12.035,2015-06-01 13:49:12.035
313,OPEN,2015-06-01 12:07:12.035,2015-06-01 13:48:36.035,2015-06-01 13:51:36.035
314,WITHDRAW,2015-06-01 12:07:48.035,2015-06-01 13:49:12.035,2015-06-01 13:52:12.035
315,CHECK,2015-06-01 12:08:24.035,2015-06-01 13:49:12.035,2015-06-01 13:57:12.035
316,TRANSFER,2015-06-01 12:09:00.035,2015-06-01 13:49:48.035,2015-06-01 13:57:48.035
317,BALANCE,2015-06-01 12:09:36.035,2015-06-01 13:50:24.035,2015-06-01 14:02:24.035
318,BALANCE,2015-06-01 12:10:12.035,2015-06-01 13:51:00.035,2015-06-01 14:03:00.035
319,ATM,2015-06-01 12:10:48.035,2015-06-01 13:51:36.035,2015-06-01 13:54:36.035
320,WIRE,2015-06-01 12:11:24.035,2015-06-01 13:52:12.035,2015-06-01 13:55:12.035
321,CHECK,2015-06-01 12:12:00.035,2015-06-01 13:54:36.035,2015-06-01 13:57:36.035
322,CHECK,2015-06-01 12:12:36.035,2015-06-01 13:55:12.035,2015-06-01 13:58:12.035
323,CHECK,2015-06-01 12:13:12.035,2015-06-01 13:57:12.035,2015-06-01 14:05:12.035
324,CHECK,2015-06-01 12:13:48.035,2015-06-01 13:57:36.035,2015-06-01 14:00:36.035
325,WITHDRAW,2015-06-01 12:14:24.035,2015-06-01 13:57:48.035,2015-06-01 14:05:48.035
326,LOAN,2015-06-01 12:15:00.035,2015-06-01 13:58:12.035,2015-06-01 14:01:12.035
327,CHECK,2015-06-01 12:15:36.035,2015-06-01 14:00:36.035,2015-06-01 14:03:36.035
328,DEPOSIT,2015-06-01 12:16:12.035,2015-06-01 14:01:12.035,2015-06-01 14:04:12.035
329,DEPOSIT,2015-06-01 12:16:48.035,2015-06-01 14:02:24.035,2015-06-01 14:14:24.035
330,LOAN,2015-06-01 12:17:24.035,2015-06-01 14:03:00.035,2015-06-01 14:15:00.035
331,CHECK,2015-06-01 12:18:00.035,2015-06-01 14:03:36.035,2015-06-01 14:06:36.035
332,TRANSFER,2015-06-01 12:18:36.035,2015-06-01 14:04:12.035,2015-06-01 14:07:12.035
333,WIRE,2015-06-01 12:19:12.035,2015-06-01 14:05:12.035,2015-06-01 14:13:12.035
334,TRANSFER,2015-06-01 12:19:48.035,2015-06-01 14:05:48.035,2015-06-01 14:13:48.035
335,OPEN,2015-06-01 12:20:24.035,2015-06-01 14:06:36.035,2015-06-01 14:09:36.035
336,CHECK,2015-06-01 12:21:00.035,2015-06-01 14:07:12.035,2015-06-01 14:10:12.035
337,TRANSFER,2015-06-01 12:21:36.035,2015-06-01 14:09:36.035,2015-06-01 14:12:36.035
338,WIRE,2015-06-01 12:22:12.035,2015-06-01 14:10:12.035,2015-06-01 14:13:12.035
339,CHECK,2015-06-01 12:22:48.035,2015-06-01 14:12:36.035,2015-06-01 14:15:36.035
340,BALANCE,2015-06-01 12:23:24.035,2015-06-01 14:13:12.035,2015-06-01 14:16:12.035
341,WIRE,2015-06-01 12:24:00.035,2015-06-01 14:13:12.035,2015-06-01 14:21:12.035
342,WIRE,2015-06-01 12:24:36.035,2015-06-01 14:13:48.035,2015-06-01 14:21:48.035
343,LOAN,2015-06-01 12:25:12.035,2015-06-01 14:14:24.035,2015-06-01 14:26:24.035
344,BALANCE,2015-06-01 12:25:48.035,2015-06-01 14:15:00.035,2015-06-01 14:27:00.035
345,DEPOSIT,2015-06-01 12:26:24.035,2015-06-01 14:15:36.035,2015-06-01 14:18:36.035
346,TRANSFER,2015-06-01 12:27:00.035,2015-06-01 14:16:12.035,2015-06-01 14:19:12.035
347,WITHDRAW,2015-06-01 12:27:36.035,2015-06-01 14:18:36.035,2015-06-01 14:21:36.035
348,BALANCE,2015-06-01 12:28:12.035,2015-06-01 14:19:12.035,2015-06-01 14:22:12.035
349,TRANSFER,2015-06-01 12:28:48.035,2015-06-01 14:21:12.035,2015-06-01 14:29:12.035
350,LOAN,2015-06-01 12:29:24.035,2015-06-01 14:21:36.035,2015-06-01 14:24:36.035
351,DEPOSIT,2015-06-01 12:30:00.035,2015-06-01 14:21:48.035,2015-06-01 14:29:48.035
352,WIRE,2015-06-01 12:30:36.035,2015-06-01 14:22:12.035,2015-06-01 14:25:12.035
353,BALANCE,2015-06-01 12:31:12.035,2015-06-01 14:24:36.035,2015-06-01 14:27:36.035
354,BALANCE,2015-06-01 12:31:48.035,2015-06-01 14:25:12.035,2015-06-01 14:28:12.035
355,WITHDRAW,2015-06-01 12:32:24.035,2015-06-01 14:26:24.035,2015-06-01 14:38:24.035
356,ATM,2015-06-01 12:33:00.035,2015-06-01 14:27:00.035,2015-06-01 14:39:00.035
357,TRANSFER,2015-06-01 12:33:36.035,2015-06-01 14:27:36.035,2015-06-01 14:30:36.035
358,DEPOSIT,2015-06-01 12:34:12.035,2015-06-01 14:28:12.035,2015-06-01 14:31:12.035
359,DEPOSIT,2015-06-01 12:34:48.035,2015-06-01 14:29:12.035,2015-06-01 14:37:12.035
360,CHECK,2015-06-01 12:35:24.035,2015-06-01 14:29:48.035,2015-06-01 14:37:48.035
361,BALANCE,2015-06-01 12:36:00.035,2015-06-01 14:30:36.035,2015-06-01 14:33:36.035
362,WITHDRAW,2015-06-01 12:36:36.035,2015-06-01 14:31:12.035,2015-06-01 14:34:12.035
363,TRANSFER,2015-06-01 12:37:12.035,2015-06-01 14:33:36.035,2015-06-01 14:36:36.035
364,ATM,2015-06-01 12:37:48.035,2015-06-01 14:34:12.035,2015-06-01 14:37:12.035
365,CHECK,2015-06-01 12:38:24.035,2015-06-01 14:36:36.035,2015-06-01 14:39:36.035
366,TRANSFER,2015-06-01 12:39:00.035,2015-06-01 14:37:12.035,2015-06-01 14:40:12.035
367,WITHDRAW,2015-06-01 12:39:36.035,2015-06-01 14:37:12.035,2015-06-01 14:45:12.035
368,BALANCE,2015-06-01 12:40:12.035,2015-06-01 14:37:48.035,2015-06-01 14:45:48.035
369,CHECK,2015-06-01 12:40:48.035,2015-06-01 14:38:24.035,2015-06-01 14:50:24.035
370,TRANSFER,2015-06-01 12:41:24.035,2015-06-01 14:39:00.035,2015-06-01 14:51:00.035
371,WIRE,2015-06-01 12:42:00.035,2015-06-01 14:39:36.035,2015-06-01 14:42:36.035
372,ATM,2015-06-01 12:42:36.035,2015-06-01 14:40:12.035,2015-06-01 14:43:12.035
373,CHECK,2015-06-01 12:43:12.035,2015-06-01 14:42:36.035,2015-06-01 14:45:36.035
374,WITHDRAW,2015-06-01 12:43:48.035,2015-06-01 14:43:12.035,2015-06-01 14:46:12.035
375,CHECK,2015-06-01 12:44:24.035,2015-06-01 14:45:12.035,2015-06-01 14:53:12.035
376,BALANCE,2015-06-01 12:45:00.035,2015-06-01 14:45:36.035,2015-06-01 14:48:36.035
377,WIRE,2015-06-01 12:45:36.035,2015-06-01 14:45:48.035,2015-06-01 14:53:48.035
378,WIRE,2015-06-01 12:46:12.035,2015-06-01 14:46:12.035,2015-06-01 14:49:12.035
379,WITHDRAW,2015-06-01 12:46:48.035,2015-06-01 14:48:36.035,2015-06-01 14:51:36.035
380,BALANCE,2015-06-01 12:47:24.035,2015-06-01 14:49:12.035,2015-06-01 14:52:12.035
381,OPEN,2015-06-01 12:48:00.035,2015-06-01 14:50:24.035,2015-06-01 15:02:24.035
382,DEPOSIT,2015-06-01 12:48:36.035,2015-06-01 14:51:00.035,2015-06-01 15:03:00.035
383,OPEN,2015-06-01 12:49:12.035,2015-06-01 14:51:36.035,2015-06-01 14:54:36.035
384,ATM,2015-06-01 12:49:48.035,2015-06-01 14:52:12.035,2015-06-01 14:55:12.035
385,WITHDRAW,2015-06-01 12:50:24.035,2015-06-01 14:53:12.035,2015-06-01 15:01:12.035
386,BALANCE,2015-06-01 12:51:00.035,2015-06-01 14:53:48.035,2015-06-01 15:01:48.035
387,ATM,2015-06-01 12:51:36.035,2015-06-01 14:54:36.035,2015-06-01 14:57:36.035
388,TRANSFER,2015-06-01 12:52:12.035,2015-06-01 14:55:12.035,2015-06-01 14:58:12.035
389,TRANSFER,2015-06-01 12:52:48.035,2015-06-01 14:57:36.035,2015-06-01 15:00:36.035
390,ATM,2015-06-01 12:53:24.035,2015-06-01 14:58:12.035,2015-06-01 15:01:12.035
391,WIRE,2015-06-01 12:54:00.035,2015-06-01 15:00:36.035,2015-06-01 15:03:36.035
392,WIRE,2015-06-01 12:54:36.035,2015-06-01 15:01:12.035,2015-06-01 15:04:12.035
393,WIRE,2015-06-01 12:55:12.035,2015-06-01 15:01:12.035,2015-06-01 15:09:12.035
394,BALANCE,2015-06-01 12:55:48.035,2015-06-01 15:01:48.035,2015-06-01 15:09:48.035
395,CHECK,2015-06-01 12:56:24.035,2015-06-01 15:02:24.035,2015-06-01 15:14:24.035
396,OPEN,2015-06-01 12:57:00.035,2015-06-01 15:03:00.035,2015-06-01 15:15:00.035
397,LOAN,2015-06-01 12:57:36.035,2015-06-01 15:03:36.035,2015-06-01 15:06:36.035
398,ATM,2015-06-01 12:58:12.035,2015-06-01 15:04:12.035,2015-06-01 15:07:12.035
399,OPEN,2015-06-01 12:58:48.035,2015-06-01 15:06:36.035,2015-06-01 15:09:36.035
400,ATM,2015-06-01 12:59:24.035,2015-06-01 15:07:12.035,2015-06-01 15:10:12.035
401,BALANCE,2015-06-01 13:00:00.035,2015-06-01 15:09:12.035,2015-06-01 15:17:12.035
402,ATM,2015-06-01 13:00:36.035,2015-06-01 15:09:36.035,2015-06-01 15:12:36.035
403,CHECK,2015-06-01 13:01:12.035,2015-06-01 15:09:48.035,2015-06-01 15:17:48.035
404,CHECK,2015-06-01 13:01:48.035,2015-06-01 15:10:12.035,2015-06-01 15:13:12.035
405,OPEN,2015-06-01 13:02:24.035,2015-06-01 15:12:36.035,2015-06-01 15:15:36.035
406,TRANSFER,2015-06-01 13:03:00.035,2015-06-01 15:13:12.035,2015-06-01 15:16:12.035
407,LOAN,2015-06-01 13:03:36.035,2015-06-01 15:14:24.035,2015-06-01 15:26:24.035
408,WITHDRAW,2015-06-01 13:04:12.035,2015-06-01 15:15:00.035,2015-06-01 15:27:00.035
409,ATM,2015-06-01 13:04:48.035,2015-06-01 15:15:36.035,2015-06-01 15:18:36.035
410,BALANCE,2015-06-01 13:05:24.035,2015-06-01 15:16:12.035,2015-06-01 15:19:12.035
411,WIRE,2015-06-01 13:06:00.035,2015-06-01 15:17:12.035,2015-06-01 15:25:12.035
412,OPEN,2015-06-01 13:06:36.035,2015-06-01 15:17:48.035,2015-06-01 15:25:48.035
413,BALANCE,2015-06-01 13:07:12.035,2015-06-01 15:18:36.035,2015-06-01 15:21:36.035
414,OPEN,2015-06-01 13:07:48.035,2015-06-01 15:19:12.035,2015-06-01 15:22:12.035
415,TRANSFER,2015-06-01 13:08:24.035,2015-06-01 15:21:36.035,2015-06-01 15:24:36.035
416,LOAN,2015-06-01 13:09:00.035,2015-06-01 15:22:12.035,2015-06-01 15:25:12.035
417,DEPOSIT,2015-06-01 13:09:36.035,2015-06-01 15:24:36.035,2015-06-01 15:27:36.035
418,ATM,2015-06-01 13:10:12.035,2015-06-01 15:25:12.035,2015-06-01 15:28:12.035
419,DEPOSIT,2015-06-01 13:10:48.035,2015-06-01 15:25:12.035,2015-06-01 15:33:12.035
420,TRANSFER,2015-06-01 13:11:24.035,2015-06-01 15:25:48.035,2015-06-01 15:33:48.035
421,OPEN,2015-06-01 13:12:00.035,2015-06-01 15:26:24.035,2015-06-01 15:38:24.035
422,BALANCE,2015-06-01 13:12:36.035,2015-06-01 15:27:00.035,2015-06-01 15:39:00.035
423,WITHDRAW,2015-06-01 13:13:12.035,2015-06-01 15:27:36.035,2015-06-01 15:30:36.035
424,OPEN,2015-06-01 13:13:48.035,2015-06-01 15:28:12.035,2015-06-01 15:31:12.035
425,OPEN,2015-06-01 13:14:24.035,2015-06-01 15:30:36.035,2015-06-01 15:33:36.035
426,WIRE,2015-06-01 13:15:00.035,2015-06-01 15:31:12.035,2015-06-01 15:34:12.035
427,ATM,2015-06-01 13:15:36.035,2015-06-01 15:33:12.035,2015-06-01 15:41:12.035
428,WITHDRAW,2015-06-01 13:16:12.035,2015-06-01 15:33:36.035,2015-06-01 15:36:36.035
429,TRANSFER,2015-06-01 13:16:48.035,2015-06-01 15:33:48.035,2015-06-01 15:41:48.035
430,OPEN,2015-06-01 13:17:24.035,2015-06-01 15:34:12.035,2015-06-01 15:37:12.035
431,WIRE,2015-06-01 13:18:00.035,2015-06-01 15:36:36.035,2015-06-01 15:39:36.035
432,DEPOSIT,2015-06-01 13:18:36.035,2015-06-01 15:37:12.035,2015-06-01 15:40:12.035
433,WIRE,2015-06-01 13:19:12.035,2015-06-01 15:38:24.035,2015-06-01 15:50:24.035
434,LOAN,2015-06-01 13:19:48.035,2015-06-01 15:39:00.035,2015-06-01 15:51:00.035
435,ATM,2015-06-01 13:20:24.035,2015-06-01 15:39:36.035,2015-06-01 15:42:36.035
436,LOAN,2015-06-01 13:21:00.035,2015-06-01 15:40:12.035,2015-06-01 15:43:12.035
437,TRANSFER,2015-06-01 13:21:36.035,2015-06-01 15:41:12.035,2015-06-01 15:49:12.035
438,DEPOSIT,2015-06-01 13:22:12.035,2015-06-01 15:41:48.035,2015-06-01 15:49:48.035
439,BALANCE,2015-06-01 13:22:48.035,2015-06-01 15:42:36.035,2015-06-01 15:45:36.035
440,CHECK,2015-06-01 13:23:24.035,2015-06-01 15:43:12.035,2015-06-01 15:46:12.035
441,CHECK,2015-06-01 13:24:00.035,2015-06-01 15:45:36.035,2015-06-01 15:48:36.035
442,CHECK,2015-06-01 13:24:36.035,2015-06-01 15:46:12.035,2015-06-01 15:49:12.035
443,ATM,2015-06-01 13:25:12.035,2015-06-01 15:48:36.035,2015-06-01 15:51:36.035
444,TRANSFER,2015-06-01 13:25:48.035,2015-06-01 15:49:12.035,2015-06-01 15:52:12.035
445,WIRE,2015-06-01 13:26:24.035,2015-06-01 15:49:12.035,2015-06-01 15:57:12.035
446,LOAN,2015-06-01 13:27:00.035,2015-06-01 15:49:48.035,2015-06-01 15:57:48.035
447,CHECK,2015-06-01 13:27:36.035,2015-06-01 15:50:24.035,2015-06-01 16:02:24.035
448,TRANSFER,2015-06-01 13:28:12.035,2015-06-01 15:51:00.035,2015-06-01 16:03:00.035
449,OPEN,2015-06-01 13:28:48.035,2015-06-01 15:51:36.035,2015-06-01 15:54:36.035
450,WITHDRAW,2015-06-01 13:29:24.035,2015-06-01 15:52:12.035,2015-06-01 15:55:12.035
451,OPEN,2015-06-01 13:30:00.035,2015-06-01 15:54:36.035,2015-06-01 15:57:36.035
452,WITHDRAW,2015-06-01 13:30:36.035,2015-06-01 15:55:12.035,2015-06-01 15:58:12.035
453,BALANCE,2015-06-01 13:31:12.035,2015-06-01 15:57:12.035,2015-06-01 16:05:12.035
454,CHECK,2015-06-01 13:31:48.035,2015-06-01 15:57:36.035,2015-06-01 16:00:36.035
455,LOAN,2015-06-01 13:32:24.035,2015-06-01 15:57:48.035,2015-06-01 16:05:48.035
456,CHECK,2015-06-01 13:33:00.035,2015-06-01 15:58:12.035,2015-06-01 16:01:12.035
457,WIRE,2015-06-01 13:33:36.035,2015-06-01 16:00:36.035,2015-06-01 16:03:36.035
458,OPEN,2015-06-01 13:34:12.035,2015-06-01 16:01:12.035,2015-06-01 16:04:12.035
459,BALANCE,2015-06-01 13:34:48.035,2015-06-01 16:02:24.035,2015-06-01 16:14:24.035
460,LOAN,2015-06-01 13:35:24.035,2015-06-01 16:03:00.035,2015-06-01 16:15:00.035
461,WIRE,2015-06-01 13:36:00.035,2015-06-01 16:03:36.035,2015-06-01 16:06:36.035
462,WIRE,2015-06-01 13:36:36.035,2015-06-01 16:04:12.035,2015-06-01 16:07:12.035
463,WIRE,2015-06-01 13:37:12.035,2015-06-01 16:05:12.035,2015-06-01 16:13:12.035
464,BALANCE,2015-06-01 13:37:48.035,2015-06-01 16:05:48.035,2015-06-01 16:13:48.035
465,TRANSFER,2015-06-01 13:38:24.035,2015-06-01 16:06:36.035,2015-06-01 16:09:36.035
466,WITHDRAW,2015-06-01 13:39:00.035,2015-06-01 16:07:12.035,2015-06-01 16:10:12.035
467,OPEN,2015-06-01 13:39:36.035,2015-06-01 16:09:36.035,2015-06-01 16:12:36.035
468,OPEN,2015-06-01 13:40:12.035,2015-06-01 16:10:12.035,2015-06-01 16:13:12.035
469,TRANSFER,2015-06-01 13:40:48.035,2015-06-01 16:12:36.035,2015-06-01 16:15:36.035
470,DEPOSIT,2015-06-01 13:41:24.035,2015-06-01 16:13:12.035,2015-06-01 16:16:12.035
471,LOAN,2015-06-01 13:42:00.035,2015-06-01 16:13:12.035,2015-06-01 16:21:12.035
472,BALANCE,2015-06-01 13:42:36.035,2015-06-01 16:13:48.035,2015-06-01 16:21:48.035
473,OPEN,2015-06-01 13:43:12.035,2015-06-01 16:14:24.035,2015-06-01 16:26:24.035
474,OPEN,2015-06-01 13:43:48.035,2015-06-01 16:15:00.035,2015-06-01 16:27:00.035
475,BALANCE,2015-06-01 13:44:24.035,2015-06-01 16:15:36.035,2015-06-01 16:18:36.035
476,OPEN,2015-06-01 13:45:00.035,2015-06-01 16:16:12.035,2015-06-01 16:19:12.035
477,OPEN,2015-06-01 13:45:36.035,2015-06-01 16:18:36.035,2015-06-01 16:21:36.035
478,WITHDRAW,2015-06-01 13:46:12.035,2015-06-01 16:19:12.035,2015-06-01 16:22:12.035
479,LOAN,2015-06-01 13:46:48.035,2015-06-01 16:21:12.035,2015-06-01 16:29:12.035
480,WITHDRAW,2015-06-01 13:47:24.035,2015-06-01 16:21:36.035,2015-06-01 16:24:36.035
481,WIRE,2015-06-01 13:48:00.035,2015-06-01 16:21:48.035,2015-06-01 16:29:48.035
482,TRANSFER,2015-06-01 13:48:36.035,2015-06-01 16:22:12.035,2015-06-01 16:25:12.035
483,BALANCE,2015-06-01 13:49:12.035,2015-06-01 16:24:36.035,2015-06-01 16:27:36.035
484,OPEN,2015-06-01 13:49:48.035,2015-06-01 16:25:12.035,2015-06-01 16:28:12.035
485,WITHDRAW,2015-06-01 13:50:24.035,2015-06-01 16:26:24.035,2015-06-01 16:38:24.035
486,WITHDRAW,2015-06-01 13:51:00.035,2015-06-01 16:27:00.035,2015-06-01 16:39:00.035
487,ATM,2015-06-01 13:51:36.035,2015-06-01 16:27:36.035,2015-06-01 16:30:36.035
488,LOAN,2015-06-01 13:52:12.035,2015-06-01 16:28:12.035,2015-06-01 16:31:12.035
489,ATM,2015-06-01 13:52:48.035,2015-06-01 16:29:12.035,2015-06-01 16:37:12.035
490,CHECK,2015-06-01 13:53:24.035,2015-06-01 16:29:48.035,2015-06-01 16:37:48.035
491,ATM,2015-06-01 13:54:00.035,2015-06-01 16:30:36.035,2015-06-01 16:33:36.035
492,CHECK,2015-06-01 13:54:36.035,2015-06-01 16:31:12.035,2015-06-01 16:34:12.035
493,CHECK,2015-06-01 13:55:12.035,2015-06-01 16:33:36.035,2015-06-01 16:36:36.035
494,TRANSFER,2015-06-01 13:55:48.035,2015-06-01 16:34:12.035,2015-06-01 16:37:12.035
495,TRANSFER,2015-06-01 13:56:24.035,2015-06-01 16:36:36.035,2015-06-01 16:39:36.035
496,LOAN,2015-06-01 13:57:00.035,2015-06-01 16:37:12.035,2015-06-01 16:40:12.035
497,WIRE,2015-06-01 13:57:36.035,2015-06-01 16:37:12.035,2015-06-01 16:45:12.035
498,BALANCE,2015-06-01 13:58:12.035,2015-06-01 16:37:48.035,2015-06-01 16:45:48.035
499,ATM,2015-06-01 13:58:48.035,2015-06-01 16:38:24.035,2015-06-01 16:50:24.035
500,WIRE,2015-06-01 13:59:24.035,2015-06-01 16:39:00.035,2015-06-01 16:51:00.035
501,CHECK,2015-06-01 14:00:00.035,2015-06-01 16:39:36.035,2015-06-01 16:42:36.035
502,LOAN,2015-06-01 14:00:36.035,2015-06-01 16:40:12.035,2015-06-01 16:43:12.035
503,ATM,2015-06-01 14:01:12.035,2015-06-01 16:42:36.035,2015-06-01 16:45:36.035
504,DEPOSIT,2015-06-01 14:01:48.035,2015-06-01 16:43:12.035,2015-06-01 16:46:12.035
505,WITHDRAW,2015-06-01 14:02:24.035,2015-06-01 16:45:12.035,2015-06-01 16:53:12.035
506,WIRE,2015-06-01 14:03:00.035,2015-06-01 16:45:36.035,2015-06-01 16:48:36.035
507,WIRE,2015-06-01 14:03:36.035,2015-06-01 16:45:48.035,2015-06-01 16:53:48.035
508,BALANCE,2015-06-01 14:04:12.035,2015-06-01 16:46:12.035,2015-06-01 16:49:12.035
509,ATM,2015-06-01 14:04:48.035,2015-06-01 16:48:36.035,2015-06-01 16:51:36.035
510,OPEN,2015-06-01 14:05:24.035,2015-06-01 16:49:12.035,2015-06-01 16:52:12.035
511,BALANCE,2015-06-01 14:06:00.035,2015-06-01 16:50:24.035,2015-06-01 17:02:24.035
512,BALANCE,2015-06-01 14:06:36.035,2015-06-01 16:51:00.035,2015-06-01 17:03:00.035
513,OPEN,2015-06-01 14:07:12.035,2015-06-01 16:51:36.035,2015-06-01 16:54:36.035
514,WIRE,2015-06-01 14:07:48.035,2015-06-01 16:52:12.035,2015-06-01 16:55:12.035
515,OPEN,2015-06-01 14:08:24.035,2015-06-01 16:53:12.035,2015-06-01 17:01:12.035
516,DEPOSIT,2015-06-01 14:09:00.035,2015-06-01 16:53:48.035,2015-06-01 17:01:48.035
517,WITHDRAW,2015-06-01 14:09:36.035,2015-06-01 16:54:36.035,2015-06-01 16:57:36.035
518,TRANSFER,2015-06-01 14:10:12.035,2015-06-01 16:55:12.035,2015-06-01 16:58:12.035
519,WITHDRAW,2015-06-01 14:10:48.035,2015-06-01 16:57:36.035,2015-06-01 17:00:36.035
520,LOAN,2015-06-01 14:11:24.035,2015-06-01 16:58:12.035,2015-06-01 17:01:12.035
521,ATM,2015-06-01 14:12:00.035,2015-06-01 17:00:36.035,2015-06-01 17:03:36.035
522,WITHDRAW,2015-06-01 14:12:36.035,2015-06-01 17:01:12.035,2015-06-01 17:04:12.035
523,BALANCE,2015-06-01 14:13:12.035,2015-06-01 17:01:12.035,2015-06-01 17:09:12.035
524,CHECK,2015-06-01 14:13:48.035,2015-06-01 17:01:48.035,2015-06-01 17:09:48.035
525,WITHDRAW,2015-06-01 14:14:24.035,2015-06-01 17:02:24.035,2015-06-01 17:14:24.035
526,LOAN,2015-06-01 14:15:00.035,2015-06-01 17:03:00.035,2015-06-01 17:15:00.035
527,ATM,2015-06-01 14:15:36.035,2015-06-01 17:03:36.035,2015-06-01 17:06:36.035
528,OPEN,2015-06-01 14:16:12.035,2015-06-01 17:04:12.035,2015-06-01 17:07:12.035
529,OPEN,2015-06-01 14:16:48.035,2015-06-01 17:06:36.035,2015-06-01 17:09:36.035
530,WITHDRAW,2015-06-01 14:17:24.035,2015-06-01 17:07:12.035,2015-06-01 17:10:12.035
531,BALANCE,2015-06-01 14:18:00.035,2015-06-01 17:09:12.035,2015-06-01 17:17:12.035
532,TRANSFER,2015-06-01 14:18:36.035,2015-06-01 17:09:36.035,2015-06-01 17:12:36.035
533,CHECK,2015-06-01 14:19:12.035,2015-06-01 17:09:48.035,2015-06-01 17:17:48.035
534,DEPOSIT,2015-06-01 14:19:48.035,2015-06-01 17:10:12.035,2015-06-01 17:13:12.035
535,BALANCE,2015-06-01 14:20:24.035,2015-06-01 17:12:36.035,2015-06-01 17:15:36.035
536,BALANCE,2015-06-01 14:21:00.035,2015-06-01 17:13:12.035,2015-06-01 17:16:12.035
537,OPEN,2015-06-01 14:21:36.035,2015-06-01 17:14:24.035,2015-06-01 17:26:24.035
538,WIRE,2015-06-01 14:22:12.035,2015-06-01 17:15:00.035,2015-06-01 17:27:00.035
539,OPEN,2015-06-01 14:22:48.035,2015-06-01 17:15:36.035,2015-06-01 17:18:36.035
540,BALANCE,2015-06-01 14:23:24.035,2015-06-01 17:16:12.035,2015-06-01 17:19:12.035
541,OPEN,2015-06-01 14:24:00.035,2015-06-01 17:17:12.035,2015-06-01 17:25:12.035
542,BALANCE,2015-06-01 14:24:36.035,2015-06-01 17:17:48.035,2015-06-01 17:25:48.035
543,LOAN,2015-06-01 14:25:12.035,2015-06-01 17:18:36.035,2015-06-01 17:21:36.035
544,ATM,2015-06-01 14:25:48.035,2015-06-01 17:19:12.035,2015-06-01 17:22:12.035
545,CHECK,2015-06-01 14:26:24.035,2015-06-01 17:21:36.035,2015-06-01 17:24:36.035
546,CHECK,2015-06-01 14:27:00.035,2015-06-01 17:22:12.035,2015-06-01 17:25:12.035
547,OPEN,2015-06-01 14:27:36.035,2015-06-01 17:24:36.035,2015-06-01 17:27:36.035
548,WIRE,2015-06-01 14:28:12.035,2015-06-01 17:25:12.035,2015-06-01 17:28:12.035
549,WIRE,2015-06-01 14:28:48.035,2015-06-01 17:25:12.035,2015-06-01 17:33:12.035
550,WITHDRAW,2015-06-01 14:29:24.035,2015-06-01 17:25:48.035,2015-06-01 17:33:48.035
551,WITHDRAW,2015-06-01 14:30:00.035,2015-06-01 17:26:24.035,2015-06-01 17:38:24.035
552,TRANSFER,2015-06-01 14:30:36.035,2015-06-01 17:27:00.035,2015-06-01 17:39:00.035
553,CHECK,2015-06-01 14:31:12.035,2015-06-01 17:27:36.035,2015-06-01 17:30:36.035
554,OPEN,2015-06-01 14:31:48.035,2015-06-01 17:28:12.035,2015-06-01 17:31:12.035
555,TRANSFER,2015-06-01 14:32:24.035,2015-06-01 17:30:36.035,2015-06-01 17:33:36.035
556,WIRE,2015-06-01 14:33:00.035,2015-06-01 17:31:12.035,2015-06-01 17:34:12.035
557,WIRE,2015-06-01 14:33:36.035,2015-06-01 17:33:12.035,2015-06-01 17:41:12.035
558,LOAN,2015-06-01 14:34:12.035,2015-06-01 17:33:36.035,2015-06-01 17:36:36.035
559,DEPOSIT,2015-06-01 14:34:48.035,2015-06-01 17:33:48.035,2015-06-01 17:41:48.035
560,ATM,2015-06-01 14:35:24.035,2015-06-01 17:34:12.035,2015-06-01 17:37:12.035
561,TRANSFER,2015-06-01 14:36:00.035,2015-06-01 17:36:36.035,2015-06-01 17:39:36.035
562,CHECK,2015-06-01 14:36:36.035,2015-06-01 17:37:12.035,2015-06-01 17:40:12.035
563,TRANSFER,2015-06-01 14:37:12.035,2015-06-01 17:38:24.035,2015-06-01 17:50:24.035
564,LOAN,2015-06-01 14:37:48.035,2015-06-01 17:39:00.035,2015-06-01 17:51:00.035
565,CHECK,2015-06-01 14:38:24.035,2015-06-01 17:39:36.035,2015-06-01 17:42:36.035
566,WIRE,2015-06-01 14:39:00.035,2015-06-01 17:40:12.035,2015-06-01 17:43:12.035
567,DEPOSIT,2015-06-01 14:39:36.035,2015-06-01 17:41:12.035,2015-06-01 17:49:12.035
568,LOAN,2015-06-01 14:40:12.035,2015-06-01 17:41:48.035,2015-06-01 17:49:48.035
569,DEPOSIT,2015-06-01 14:40:48.035,2015-06-01 17:42:36.035,2015-06-01 17:45:36.035
570,ATM,2015-06-01 14:41:24.035,2015-06-01 17:43:12.035,2015-06-01 17:46:12.035
571,CHECK,2015-06-01 14:42:00.035,2015-06-01 17:45:36.035,2015-06-01 17:48:36.035
572,ATM,2015-06-01 14:42:36.035,2015-06-01 17:46:12.035,2015-06-01 17:49:12.035
573,DEPOSIT,2015-06-01 14:43:12.035,2015-06-01 17:48:36.035,2015-06-01 17:51:36.035
574,DEPOSIT,2015-06-01 14:43:48.035,2015-06-01 17:49:12.035,2015-06-01 17:52:12.035
575,ATM,2015-06-01 14:44:24.035,2015-06-01 17:49:12.035,2015-06-01 17:57:12.035
576,OPEN,2015-06-01 14:45:00.035,2015-06-01 17:49:48.035,2015-06-01 17:57:48.035
577,WIRE,2015-06-01 14:45:36.035,2015-06-01 17:50:24.035,2015-06-01 18:02:24.035
578,LOAN,2015-06-01 14:46:12.035,2015-06-01 17:51:00.035,2015-06-01 18:03:00.035
579,DEPOSIT,2015-06-01 14:46:48.035,2015-06-01 17:51:36.035,2015-06-01 17:54:36.035
580,WITHDRAW,2015-06-01 14:47:24.035,2015-06-01 17:52:12.035,2015-06-01 17:55:12.035
581,TRANSFER,2015-06-01 14:48:00.035,2015-06-01 17:54:36.035,2015-06-01 17:57:36.035
582,OPEN,2015-06-01 14:48:36.035,2015-06-01 17:55:12.035,2015-06-01 17:58:12.035
583,DEPOSIT,2015-06-01 14:49:12.035,2015-06-01 17:57:12.035,2015-06-01 18:05:12.035
584,OPEN,2015-06-01 14:49:48.035,2015-06-01 17:57:36.035,2015-06-01 18:00:36.035
585,WIRE,2015-06-01 14:50:24.035,2015-06-01 17:57:48.035,2015-06-01 18:05:48.035
586,BALANCE,2015-06-01 14:51:00.035,2015-06-01 17:58:12.035,2015-06-01 18:01:12.035
587,CHECK,2015-06-01 14:51:36.035,2015-06-01 18:00:36.035,2015-06-01 18:03:36.035
588,LOAN,2015-06-01 14:52:12.035,2015-06-01 18:01:12.035,2015-06-01 18:04:12.035
589,ATM,2015-06-01 14:52:48.035,2015-06-01 18:02:24.035,2015-06-01 18:14:24.035
590,BALANCE,2015-06-01 14:53:24.035,2015-06-01 18:03:00.035,2015-06-01 18:15:00.035
591,WITHDRAW,2015-06-01 14:54:00.035,2015-06-01 18:03:36.035,2015-06-01 18:06:36.035
592,WITHDRAW,2015-06-01 14:54:36.035,2015-06-01 18:04:12.035,2015-06-01 18:07:12.035
593,LOAN,2015-06-01 14:55:12.035,2015-06-01 18:05:12.035,2015-06-01 18:13:12.035
594,CHECK,2015-06-01 14:55:48.035,2015-06-01 18:05:48.035,2015-06-01 18:13:48.035
595,WITHDRAW,2015-06-01 14:56:24.035,2015-06-01 18:06:36.035,2015-06-01 18:09:36.035
596,DEPOSIT,2015-06-01 14:57:00.035,2015-06-01 18:07:12.035,2015-06-01 18:10:12.035
597,DEPOSIT,2015-06-01 14:57:36.035,2015-06-01 18:09:36.035,2015-06-01 18:12:36.035
598,BALANCE,2015-06-01 14:58:12.035,2015-06-01 18:10:12.035,2015-06-01 18:13:12.035
599,OPEN,2015-06-01 14:58:48.035,2015-06-01 18:12:36.035,2015-06-01 18:15:36.035
600,BALANCE,2015-06-01 14:59:24.035,2015-06-01 18:13:12.035,2015-06-01 18:16:12.035
601,LOAN,2015-06-01 15:00:00.035,2015-06-01 18:13:12.035,2015-06-01 18:21:12.035
602,CHECK,2015-06-01 15:00:36.035,2015-06-01 18:13:48.035,2015-06-01 18:21:48.035
603,TRANSFER,2015-06-01 15:01:12.035,2015-06-01 18:14:24.035,2015-06-01 18:26:24.035
604,BALANCE,2015-06-01 15:01:48.035,2015-06-01 18:15:00.035,2015-06-01 18:27:00.035
605,TRANSFER,2015-06-01 15:02:24.035,2015-06-01 18:15:36.035,2015-06-01 18:18:36.035
606,CHECK,2015-06-01 15:03:00.035,2015-06-01 18:16:12.035,2015-06-01 18:19:12.035
607,CHECK,2015-06-01 15:03:36.035,2015-06-01 18:18:36.035,2015-06-01 18:21:36.035
608,DEPOSIT,2015-06-01 15:04:12.035,2015-06-01 18:19:12.035,2015-06-01 18:22:12.035
609,ATM,2015-06-01 15:04:48.035,2015-06-01 18:21:12.035,2015-06-01 18:29:12.035
610,DEPOSIT,2015-06-01 15:05:24.035,2015-06-01 18:21:36.035,2015-06-01 18:24:36.035
611,WIRE,2015-06-01 15:06:00.035,2015-06-01 18:21:48.035,2015-06-01 18:29:48.035
612,DEPOSIT,2015-06-01 15:06:36.035,2015-06-01 18:22:12.035,2015-06-01 18:25:12.035
613,OPEN,2015-06-01 15:07:12.035,2015-06-01 18:24:36.035,2015-06-01 18:27:36.035
614,ATM,2015-06-01 15:07:48.035,2015-06-01 18:25:12.035,2015-06-01 18:28:12.035
615,OPEN,2015-06-01 15:08:24.035,2015-06-01 18:26:24.035,2015-06-01 18:38:24.035
616,CHECK,2015-06-01 15:09:00.035,2015-06-01 18:27:00.035,2015-06-01 18:39:00.035
617,BALANCE,2015-06-01 15:09:36.035,2015-06-01 18:27:36.035,2015-06-01 18:30:36.035
618,OPEN,2015-06-01 15:10:12.035,2015-06-01 18:28:12.035,2015-06-01 18:31:12.035
619,LOAN,2015-06-01 15:10:48.035,2015-06-01 18:29:12.035,2015-06-01 18:37:12.035
620,TRANSFER,2015-06-01 15:11:24.035,2015-06-01 18:29:48.035,2015-06-01 18:37:48.035
621,BALANCE,2015-06-01 15:12:00.035,2015-06-01 18:30:36.035,2015-06-01 18:33:36.035
622,LOAN,2015-06-01 15:12:36.035,2015-06-01 18:31:12.035,2015-06-01 18:34:12.035
623,LOAN,2015-06-01 15:13:12.035,2015-06-01 18:33:36.035,2015-06-01 18:36:36.035
624,OPEN,2015-06-01 15:13:48.035,2015-06-01 18:34:12.035,2015-06-01 18:37:12.035
625,BALANCE,2015-06-01 15:14:24.035,2015-06-01 18:36:36.035,2015-06-01 18:39:36.035
626,LOAN,2015-06-01 15:15:00.035,2015-06-01 18:37:12.035,2015-06-01 18:40:12.035
627,TRANSFER,2015-06-01 15:15:36.035,2015-06-01 18:37:12.035,2015-06-01 18:45:12.035
628,OPEN,2015-06-01 15:16:12.035,2015-06-01 18:37:48.035,2015-06-01 18:45:48.035
629,LOAN,2015-06-01 15:16:48.035,2015-06-01 18:38:24.035,2015-06-01 18:50:24.035
630,WIRE,2015-06-01 15:17:24.035,2015-06-01 18:39:00.035,2015-06-01 18:51:00.035
631,CHECK,2015-06-01 15:18:00.035,2015-06-01 18:39:36.035,2015-06-01 18:42:36.035
632,TRANSFER,2015-06-01 15:18:36.035,2015-06-01 18:40:12.035,2015-06-01 18:43:12.035
633,OPEN,2015-06-01 15:19:12.035,2015-06-01 18:42:36.035,2015-06-01 18:45:36.035
634,CHECK,2015-06-01 15:19:48.035,2015-06-01 18:43:12.035,2015-06-01 18:46:12.035
635,WITHDRAW,2015-06-01 15:20:24.035,2015-06-01 18:45:12.035,2015-06-01 18:53:12.035
636,ATM,2015-06-01 15:21:00.035,2015-06-01 18:45:36.035,2015-06-01 18:48:36.035
637,WITHDRAW,2015-06-01 15:21:36.035,2015-06-01 18:45:48.035,2015-06-01 18:53:48.035
638,TRANSFER,2015-06-01 15:22:12.035,2015-06-01 18:46:12.035,2015-06-01 18:49:12.035
639,OPEN,2015-06-01 15:22:48.035,2015-06-01 18:48:36.035,2015-06-01 18:51:36.035
640,ATM,2015-06-01 15:23:24.035,2015-06-01 18:49:12.035,2015-06-01 18:52:12.035
641,DEPOSIT,2015-06-01 15:24:00.035,2015-06-01 18:50:24.035,2015-06-01 19:02:24.035
642,CHECK,2015-06-01 15:24:36.035,2015-06-01 18:51:00.035,2015-06-01 19:03:00.035
643,DEPOSIT,2015-06-01 15:25:12.035,2015-06-01 18:51:36.035,2015-06-01 18:54:36.035
644,TRANSFER,2015-06-01 15:25:48.035,2015-06-01 18:52:12.035,2015-06-01 18:55:12.035
645,TRANSFER,2015-06-01 15:26:24.035,2015-06-01 18:53:12.035,2015-06-01 19:01:12.035
646,WIRE,2015-06-01 15:27:00.035,2015-06-01 18:53:48.035,2015-06-01 19:01:48.035
647,WIRE,2015-06-01 15:27:36.035,2015-06-01 18:54:36.035,2015-06-01 18:57:36.035
648,BALANCE,2015-06-01 15:28:12.035,2015-06-01 18:55:12.035,2015-06-01 18:58:12.035
649,CHECK,2015-06-01 15:28:48.035,2015-06-01 18:57:36.035,2015-06-01 19:00:36.035
650,LOAN,2015-06-01 15:29:24.035,2015-06-01 18:58:12.035,2015-06-01 19:01:12.035
651,CHECK,2015-06-01 15:30:00.035,2015-06-01 19:00:36.035,2015-06-01 19:03:36.035
652,WITHDRAW,2015-06-01 15:30:36.035,2015-06-01 19:01:12.035,2015-06-01 19:04:12.035
653,BALANCE,2015-06-01 15:31:12.035,2015-06-01 19:01:12.035,2015-06-01 19:09:12.035
654,CHECK,2015-06-01 15:31:48.035,2015-06-01 19:01:48.035,2015-06-01 19:09:48.035
655,CHECK,2015-06-01 15:32:24.035,2015-06-01 19:02:24.035,2015-06-01 19:14:24.035
656,OPEN,2015-06-01 15:33:00.035,2015-06-01 19:03:00.035,2015-06-01 19:15:00.035
657,TRANSFER,2015-06-01 15:33:36.035,2015-06-01 19:03:36.035,2015-06-01 19:06:36.035
658,OPEN,2015-06-01 15:34:12.035,2015-06-01 19:04:12.035,2015-06-01 19:07:12.035
659,WIRE,2015-06-01 15:34:48.035,2015-06-01 19:06:36.035,2015-06-01 19:09:36.035
660,BALANCE,2015-06-01 15:35:24.035,2015-06-01 19:07:12.035,2015-06-01 19:10:12.035
661,BALANCE,2015-06-01 15:36:00.035,2015-06-01 19:09:12.035,2015-06-01 19:17:12.035
662,TRANSFER,2015-06-01 15:36:36.035,2015-06-01 19:09:36.035,2015-06-01 19:12:36.035
663,WITHDRAW,2015-06-01 15:37:12.035,2015-06-01 19:09:48.035,2015-06-01 19:17:48.035
664,CHECK,2015-06-01 15:37:48.035,2015-06-01 19:10:12.035,2015-06-01 19:13:12.035
665,WITHDRAW,2015-06-01 15:38:24.035,2015-06-01 19:12:36.035,2015-06-01 19:15:36.035
666,WITHDRAW,2015-06-01 15:39:00.035,2015-06-01 19:13:12.035,2015-06-01 19:16:12.035
667,OPEN,2015-06-01 15:39:36.035,2015-06-01 19:14:24.035,2015-06-01 19:26:24.035
668,TRANSFER,2015-06-01 15:40:12.035,2015-06-01 19:15:00.035,2015-06-01 19:27:00.035
669,CHECK,2015-06-01 15:40:48.035,2015-06-01 19:15:36.035,2015-06-01 19:18:36.035
670,DEPOSIT,2015-06-01 15:41:24.035,2015-06-01 19:16:12.035,2015-06-01 19:19:12.035
671,ATM,2015-06-01 15:42:00.035,2015-06-01 19:17:12.035,2015-06-01 19:25:12.035
672,DEPOSIT,2015-06-01 15:42:36.035,2015-06-01 19:17:48.035,2015-06-01 19:25:48.035
673,ATM,2015-06-01 15:43:12.035,2015-06-01 19:18:36.035,2015-06-01 19:21:36.035
674,TRANSFER,2015-06-01 15:43:48.035,2015-06-01 19:19:12.035,2015-06-01 19:22:12.035
675,DEPOSIT,2015-06-01 15:44:24.035,2015-06-01 19:21:36.035,2015-06-01 19:24:36.035
676,DEPOSIT,2015-06-01 15:45:00.035,2015-06-01 19:22:12.035,2015-06-01 19:25:12.035
677,TRANSFER,2015-06-01 15:45:36.035,2015-06-01 19:24:36.035,2015-06-01 19:27:36.035
678,LOAN,2015-06-01 15:46:12.035,2015-06-01 19:25:12.035,2015-06-01 19:28:12.035
679,LOAN,2015-06-01 15:46:48.035,2015-06-01 19:25:12.035,2015-06-01 19:33:12.035
680,WIRE,2015-06-01 15:47:24.035,2015-06-01 19:25:48.035,2015-06-01 19:33:48.035
681,DEPOSIT,2015-06-01 15:48:00.035,2015-06-01 19:26:24.035,2015-06-01 19:38:24.035
682,WITHDRAW,2015-06-01 15:48:36.035,2015-06-01 19:27:00.035,2015-06-01 19:39:00.035
683,CHECK,2015-06-01 15:49:12.035,2015-06-01 19:27:36.035,2015-06-01 19:30:36.035
684,TRANSFER,2015-06-01 15:49:48.035,2015-06-01 19:28:12.035,2015-06-01 19:31:12.035
685,ATM,2015-06-01 15:50:24.035,2015-06-01 19:30:36.035,2015-06-01 19:33:36.035
686,OPEN,2015-06-01 15:51:00.035,2015-06-01 19:31:12.035,2015-06-01 19:34:12.035
687,BALANCE,2015-06-01 15:51:36.035,2015-06-01 19:33:12.035,2015-06-01 19:41:12.035
688,OPEN,2015-06-01 15:52:12.035,2015-06-01 19:33:36.035,2015-06-01 19:36:36.035
689,BALANCE,2015-06-01 15:52:48.035,2015-06-01 19:33:48.035,2015-06-01 19:41:48.035
690,DEPOSIT,2015-06-01 15:53:24.035,2015-06-01 19:34:12.035,2015-06-01 19:37:12.035
691,TRANSFER,2015-06-01 15:54:00.035,2015-06-01 19:36:36.035,2015-06-01 19:39:36.035
692,LOAN,2015-06-01 15:54:36.035,2015-06-01 19:37:12.035,2015-06-01 19:40:12.035
693,LOAN,2015-06-01 15:55:12.035,2015-06-01 19:38:24.035,2015-06-01 19:50:24.035
694,BALANCE,2015-06-01 15:55:48.035,2015-06-01 19:39:00.035,2015-06-01 19:51:00.035
695,WIRE,2015-06-01 15:56:24.035,2015-06-01 19:39:36.035,2015-06-01 19:42:36.035
696,CHECK,2015-06-01 15:57:00.035,2015-06-01 19:40:12.035,2015-06-01 19:43:12.035
697,OPEN,2015-06-01 15:57:36.035,2015-06-01 19:41:12.035,2015-06-01 19:49:12.035
698,CHECK,2015-06-01 15:58:12.035,2015-06-01 19:41:48.035,2015-06-01 19:49:48.035
699,WIRE,2015-06-01 15:58:48.035,2015-06-01 19:42:36.035,2015-06-01 19:45:36.035
700,LOAN,2015-06-01 15:59:24.035,2015-06-01 19:43:12.035,2015-06-01 19:46:12.035
701,LOAN,2015-06-01 16:00:00.035,2015-06-01 19:45:36.035,2015-06-01 19:48:36.035
702,OPEN,2015-06-01 16:00:36.035,2015-06-01 19:46:12.035,2015-06-01 19:49:12.035
703,DEPOSIT,2015-06-01 16:01:12.035,2015-06-01 19:48:36.035,2015-06-01 19:51:36.035
704,WITHDRAW,2015-06-01 16:01:48.035,2015-06-01 19:49:12.035,2015-06-01 19:52:12.035
705,BALANCE,2015-06-01 16:02:24.035,2015-06-01 19:49:12.035,2015-06-01 19:57:12.035
706,ATM,2015-06-01 16:03:00.035,2015-06-01 19:49:48.035,2015-06-01 19:57:48.035
707,LOAN,2015-06-01 16:03:36.035,2015-06-01 19:50:24.035,2015-06-01 20:02:24.035
708,DEPOSIT,2015-06-01 16:04:12.035,2015-06-01 19:51:00.035,2015-06-01 20:03:00.035
709,DEPOSIT,2015-06-01 16:04:48.035,2015-06-01 19:51:36.035,2015-06-01 19:54:36.035
710,WITHDRAW,2015-06-01 16:05:24.035,2015-06-01 19:52:12.035,2015-06-01 19:55:12.035
711,CHECK,2015-06-01 16:06:00.035,2015-06-01 19:54:36.035,2015-06-01 19:57:36.035
712,CHECK,2015-06-01 16:06:36.035,2015-06-01 19:55:12.035,2015-06-01 19:58:12.035
713,OPEN,2015-06-01 16:07:12.035,2015-06-01 19:57:12.035,2015-06-01 20:05:12.035
714,LOAN,2015-06-01 16:07:48.035,2015-06-01 19:57:36.035,2015-06-01 20:00:36.035
715,LOAN,2015-06-01 16:08:24.035,2015-06-01 19:57:48.035,2015-06-01 20:05:48.035
716,ATM,2015-06-01 16:09:00.035,2015-06-01 19:58:12.035,2015-06-01 20:01:12.035
717,TRANSFER,2015-06-01 16:09:36.035,2015-06-01 20:00:36.035,2015-06-01 20:03:36.035
718,WITHDRAW,2015-06-01 16:10:12.035,2015-06-01 20:01:12.035,2015-06-01 20:04:12.035
719,ATM,2015-06-01 16:10:48.035,2015-06-01 20:02:24.035,2015-06-01 20:14:24.035
720,BALANCE,2015-06-01 16:11:24.035,2015-06-01 20:03:00.035,2015-06-01 20:15:00.035
721,DEPOSIT,2015-06-01 16:12:00.035,2015-06-01 20:03:36.035,2015-06-01 20:06:36.035
722,WITHDRAW,2015-06-01 16:12:36.035,2015-06-01 20:04:12.035,2015-06-01 20:07:12.035
723,DEPOSIT,2015-06-01 16:13:12.035,2015-06-01 20:05:12.035,2015-06-01 20:13:12.035
724,LOAN,2015-06-01 16:13:48.035,2015-06-01 20:05:48.035,2015-06-01 20:13:48.035
725,CHECK,2015-06-01 16:14:24.035,2015-06-01 20:06:36.035,2015-06-01 20:09:36.035
726,BALANCE,2015-06-01 16:15:00.035,2015-06-01 20:07:12.035,2015-06-01 20:10:12.035
727,TRANSFER,2015-06-01 16:15:36.035,2015-06-01 20:09:36.035,2015-06-01 20:12:36.035
728,WIRE,2015-06-01 16:16:12.035,2015-06-01 20:10:12.035,2015-06-01 20:13:12.035
729,WITHDRAW,2015-06-01 16:16:48.035,2015-06-01 20:12:36.035,2015-06-01 20:15:36.035
730,CHECK,2015-06-01 16:17:24.035,2015-06-01 20:13:12.035,2015-06-01 20:16:12.035
731,BALANCE,2015-06-01 16:18:00.035,2015-06-01 20:13:12.035,2015-06-01 20:21:12.035
732,WITHDRAW,2015-06-01 16:18:36.035,2015-06-01 20:13:48.035,2015-06-01 20:21:48.035
733,LOAN,2015-06-01 16:19:12.035,2015-06-01 20:14:24.035,2015-06-01 20:26:24.035
734,WIRE,2015-06-01 16:19:48.035,2015-06-01 20:15:00.035,2015-06-01 20:27:00.035
735,CHECK,2015-06-01 16:20:24.035,2015-06-01 20:15:36.035,2015-06-01 20:18:36.035
736,WITHDRAW,2015-06-01 16:21:00.035,2015-06-01 20:16:12.035,2015-06-01 20:19:12.035
737,ATM,2015-06-01 16:21:36.035,2015-06-01 20:18:36.035,2015-06-01 20:21:36.035
738,OPEN,2015-06-01 16:22:12.035,2015-06-01 20:19:12.035,2015-06-01 20:22:12.035
739,LOAN,2015-06-01 16:22:48.035,2015-06-01 20:21:12.035,2015-06-01 20:29:12.035
740,TRANSFER,2015-06-01 16:23:24.035,2015-06-01 20:21:36.035,2015-06-01 20:24:36.035
741,ATM,2015-06-01 16:24:00.035,2015-06-01 20:21:48.035,2015-06-01 20:29:48.035
742,WIRE,2015-06-01 16:24:36.035,2015-06-01 20:22:12.035,2015-06-01 20:25:12.035
743,LOAN,2015-06-01 16:25:12.035,2015-06-01 20:24:36.035,2015-06-01 20:27:36.035
744,WITHDRAW,2015-06-01 16:25:48.035,2015-06-01 20:25:12.035,2015-06-01 20:28:12.035
745,BALANCE,2015-06-01 16:26:24.035,2015-06-01 20:26:24.035,2015-06-01 20:38:24.035
746,BALANCE,2015-06-01 16:27:00.035,2015-06-01 20:27:00.035,2015-06-01 20:39:00.035
747,WIRE,2015-06-01 16:27:36.035,2015-06-01 20:27:36.035,2015-06-01 20:30:36.035
748,WITHDRAW,2015-06-01 16:28:12.035,2015-06-01 20:28:12.035,2015-06-01 20:31:12.035
749,TRANSFER,2015-06-01 16:28:48.035,2015-06-01 20:29:12.035,2015-06-01 20:37:12.035
750,LOAN,2015-06-01 16:29:24.035,2015-06-01 20:29:48.035,2015-06-01 20:37:48.035
751,WITHDRAW,2015-06-01 16:30:00.035,2015-06-01 20:30:36.035,2015-06-01 20:33:36.035
752,OPEN,2015-06-01 16:30:36.035,2015-06-01 20:31:12.035,2015-06-01 20:34:12.035
753,DEPOSIT,2015-06-01 16:31:12.035,2015-06-01 20:33:36.035,2015-06-01 20:36:36.035
754,LOAN,2015-06-01 16:31:48.035,2015-06-01 20:34:12.035,2015-06-01 20:37:12.035
755,ATM,2015-06-01 16:32:24.035,2015-06-01 20:36:36.035,2015-06-01 20:39:36.035
756,DEPOSIT,2015-06-01 16:33:00.035,2015-06-01 20:37:12.035,2015-06-01 20:40:12.035
757,WITHDRAW,2015-06-01 16:33:36.035,2015-06-01 20:37:12.035,2015-06-01 20:45:12.035
758,OPEN,2015-06-01 16:34:12.035,2015-06-01 20:37:48.035,2015-06-01 20:45:48.035
759,BALANCE,2015-06-01 16:34:48.035,2015-06-01 20:38:24.035,2015-06-01 20:50:24.035
760,TRANSFER,2015-06-01 16:35:24.035,2015-06-01 20:39:00.035,2015-06-01 20:51:00.035
761,TRANSFER,2015-06-01 16:36:00.035,2015-06-01 20:39:36.035,2015-06-01 20:42:36.035
762,LOAN,2015-06-01 16:36:36.035,2015-06-01 20:40:12.035,2015-06-01 20:43:12.035
763,WITHDRAW,2015-06-01 16:37:12.035,2015-06-01 20:42:36.035,2015-06-01 20:45:36.035
764,OPEN,2015-06-01 16:37:48.035,2015-06-01 20:43:12.035,2015-06-01 20:46:12.035
765,LOAN,2015-06-01 16:38:24.035,2015-06-01 20:45:12.035,2015-06-01 20:53:12.035
766,OPEN,2015-06-01 16:39:00.035,2015-06-01 20:45:36.035,2015-06-01 20:48:36.035
767,CHECK,2015-06-01 16:39:36.035,2015-06-01 20:45:48.035,2015-06-01 20:53:48.035
768,ATM,2015-06-01 16:40:12.035,2015-06-01 20:46:12.035,2015-06-01 20:49:12.035
769,OPEN,2015-06-01 16:40:48.035,2015-06-01 20:48:36.035,2015-06-01 20:51:36.035
770,ATM,2015-06-01 16:41:24.035,2015-06-01 20:49:12.035,2015-06-01 20:52:12.035
771,DEPOSIT,2015-06-01 16:42:00.035,2015-06-01 20:50:24.035,2015-06-01 21:02:24.035
772,LOAN,2015-06-01 16:42:36.035,2015-06-01 20:51:00.035,2015-06-01 21:03:00.035
773,CHECK,2015-06-01 16:43:12.035,2015-06-01 20:51:36.035,2015-06-01 20:54:36.035
774,TRANSFER,2015-06-01 16:43:48.035,2015-06-01 20:52:12.035,2015-06-01 20:55:12.035
775,DEPOSIT,2015-06-01 16:44:24.035,2015-06-01 20:53:12.035,2015-06-01 21:01:12.035
776,WITHDRAW,2015-06-01 16:45:00.035,2015-06-01 20:53:48.035,2015-06-01 21:01:48.035
777,OPEN,2015-06-01 16:45:36.035,2015-06-01 20:54:36.035,2015-06-01 20:57:36.035
778,WIRE,2015-06-01 16:46:12.035,2015-06-01 20:55:12.035,2015-06-01 20:58:12.035
779,BALANCE,2015-06-01 16:46:48.035,2015-06-01 20:57:36.035,2015-06-01 21:00:36.035
780,WIRE,2015-06-01 16:47:24.035,2015-06-01 20:58:12.035,2015-06-01 21:01:12.035
781,OPEN,2015-06-01 16:48:00.035,2015-06-01 21:00:36.035,2015-06-01 21:03:36.035
782,OPEN,2015-06-01 16:48:36.035,2015-06-01 21:01:12.035,2015-06-01 21:04:12.035
783,LOAN,2015-06-01 16:49:12.035,2015-06-01 21:01:12.035,2015-06-01 21:09:12.035
784,WIRE,2015-06-01 16:49:48.035,2015-06-01 21:01:48.035,2015-06-01 21:09:48.035
785,ATM,2015-06-01 16:50:24.035,2015-06-01 21:02:24.035,2015-06-01 21:14:24.035
786,WIRE,2015-06-01 16:51:00.035,2015-06-01 21:03:00.035,2015-06-01 21:15:00.035
787,TRANSFER,2015-06-01 16:51:36.035,2015-06-01 21:03:36.035,2015-06-01 21:06:36.035
788,ATM,2015-06-01 16:52:12.035,2015-06-01 21:04:12.035,2015-06-01 21:07:12.035
789,TRANSFER,2015-06-01 16:52:48.035,2015-06-01 21:06:36.035,2015-06-01 21:09:36.035
790,TRANSFER,2015-06-01 16:53:24.035,2015-06-01 21:07:12.035,2015-06-01 21:10:12.035
791,WITHDRAW,2015-06-01 16:54:00.035,2015-06-01 21:09:12.035,2015-06-01 21:17:12.035
792,LOAN,2015-06-01 16:54:36.035,2015-06-01 21:09:36.035,2015-06-01 21:12:36.035
793,BALANCE,2015-06-01 16:55:12.035,2015-06-01 21:09:48.035,2015-06-01 21:17:48.035
794,WITHDRAW,2015-06-01 16:55:48.035,2015-06-01 21:10:12.035,2015-06-01 21:13:12.035
795,WIRE,2015-06-01 16:56:24.035,2015-06-01 21:12:36.035,2015-06-01 21:15:36.035
796,DEPOSIT,2015-06-01 16:57:00.035,2015-06-01 21:13:12.035,2015-06-01 21:16:12.035
797,ATM,2015-06-01 16:57:36.035,2015-06-01 21:14:24.035,2015-06-01 21:26:24.035
798,LOAN,2015-06-01 16:58:12.035,2015-06-01 21:15:00.035,2015-06-01 21:27:00.035
799,ATM,2015-06-01 16:58:48.035,2015-06-01 21:15:36.035,2015-06-01 21:18:36.035
800,ATM,2015-06-01 16:59:24.035,2015-06-01 21:16:12.035,2015-06-01 21:19:12.035
